INSERT INTO CLIENTE_INFORMACION_CONTACTO (Nombre, Apellido_Materno,Apellido_Paterno, Direccion, Telefono, Correo_Electronico) VALUES ('MARCO ANTONIO','CHAVEZ','CHAVEZ','Direccion1','(55) 1666-7146','Correo1@correo.com');
INSERT INTO CLIENTE_INFORMACION_CONTACTO (Nombre, Apellido_Materno,Apellido_Paterno, Direccion, Telefono, Correo_Electronico) VALUES ('JUAN GERONIMO','HUERTAS','BECERRA','Direccion2','(55) 6193-0597','Correo2@correo.com');
INSERT INTO CLIENTE_INFORMACION_CONTACTO (Nombre, Apellido_Materno,Apellido_Paterno, Direccion, Telefono, Correo_Electronico) VALUES ('ARTURO','LOPEZ','AGUILAR','Direccion3','(55) 3587-7893','Correo3@correo.com');
INSERT INTO CLIENTE_INFORMACION_CONTACTO (Nombre, Apellido_Materno,Apellido_Paterno, Direccion, Telefono, Correo_Electronico) VALUES ('GUILLERMO','SANCHEZ','SALAS','Direccion4','(55) 8755-8643','Correo4@correo.com');
INSERT INTO CLIENTE_INFORMACION_CONTACTO (Nombre, Apellido_Materno,Apellido_Paterno, Direccion, Telefono, Correo_Electronico) VALUES ('DANIEL','VILLAVICENCIO','GONZALEZ','Direccion5','(55) 8923-4828','Correo5@correo.com');
INSERT INTO CLIENTE_INFORMACION_CONTACTO (Nombre, Apellido_Materno,Apellido_Paterno, Direccion, Telefono, Correo_Electronico) VALUES ('ROBERTO','CORTES','BACA','Direccion6','(55) 7095-2507','Correo6@correo.com');
INSERT INTO CLIENTE_INFORMACION_CONTACTO (Nombre, Apellido_Materno,Apellido_Paterno, Direccion, Telefono, Correo_Electronico) VALUES ('ARMANDO ALFREDO','LOPEZ','BASILIO','Direccion7','(55) 1478-4877','Correo7@correo.com');
INSERT INTO CLIENTE_INFORMACION_CONTACTO (Nombre, Apellido_Materno,Apellido_Paterno, Direccion, Telefono, Correo_Electronico) VALUES ('ALEJANDRO','MORALES','MARTINEZ','Direccion8','(55) 9260-5411','Correo8@correo.com');
INSERT INTO CLIENTE_INFORMACION_CONTACTO (Nombre, Apellido_Materno,Apellido_Paterno, Direccion, Telefono, Correo_Electronico) VALUES ('RAUL','PABLO','RODRIGUEZ','Direccion9','(55) 1185-8469','Correo9@correo.com');
INSERT INTO CLIENTE_INFORMACION_CONTACTO (Nombre, Apellido_Materno,Apellido_Paterno, Direccion, Telefono, Correo_Electronico) VALUES ('ADRIAN','PADILLA','ROMAN','Direccion10','(55) 8890-3389','Correo10@correo.com');
INSERT INTO CLIENTE_INFORMACION_CONTACTO (Nombre, Apellido_Materno,Apellido_Paterno, Direccion, Telefono, Correo_Electronico) VALUES ('IVAN FRANCISCO','PEREA','VALADEZ','Direccion11','(55) 8849-0616','Correo11@correo.com');
INSERT INTO CLIENTE_INFORMACION_CONTACTO (Nombre, Apellido_Materno,Apellido_Paterno, Direccion, Telefono, Correo_Electronico) VALUES ('ARMANDO','MADRID','LOZANO','Direccion12','(55) 2831-0712','Correo12@ciencias.com');
INSERT INTO CLIENTE_INFORMACION_CONTACTO (Nombre, Apellido_Materno,Apellido_Paterno, Direccion, Telefono, Correo_Electronico) VALUES ('ROBERTO','BONILLA','NECHA','Direccion13','(55) 0839-2165','Correo13@ciencias.com');
INSERT INTO CLIENTE_INFORMACION_CONTACTO (Nombre, Apellido_Materno,Apellido_Paterno, Direccion, Telefono, Correo_Electronico) VALUES ('ELOY','CARRILLO','VARA','Direccion14','(55) 7179-9028','Correo14@correo.com');
INSERT INTO CLIENTE_INFORMACION_CONTACTO (Nombre, Apellido_Materno,Apellido_Paterno, Direccion, Telefono, Correo_Electronico) VALUES ('JUAN','ARRIAGA','RODRIGUEZ','Direccion15','(55) 0649-0068','Correo15@correo.com');
INSERT INTO CLIENTE_INFORMACION_CONTACTO (Nombre, Apellido_Materno,Apellido_Paterno, Direccion, Telefono, Correo_Electronico) VALUES ('EDUARDO','CORONA','ZEPEDA','Direccion16','(55) 1387-8902','Correo16@correo.com');
INSERT INTO CLIENTE_INFORMACION_CONTACTO (Nombre, Apellido_Materno,Apellido_Paterno, Direccion, Telefono, Correo_Electronico) VALUES ('JUAN JOSE','MARTINEZ','ALVA','Direccion17','(55) 5954-4247','Correo17@correo.com');
INSERT INTO CLIENTE_INFORMACION_CONTACTO (Nombre, Apellido_Materno,Apellido_Paterno, Direccion, Telefono, Correo_Electronico) VALUES ('OSCAR','MEJIA','FLORES','Direccion18','(55) 7822-1555','Correo18@correo.com');
INSERT INTO CLIENTE_INFORMACION_CONTACTO (Nombre, Apellido_Materno,Apellido_Paterno, Direccion, Telefono, Correo_Electronico) VALUES ('JUAN JOSE','NAVARRO','MONTUFAR','Direccion19','(55) 6084-7986','Correo19@correo.com');
INSERT INTO CLIENTE_INFORMACION_CONTACTO (Nombre, Apellido_Materno,Apellido_Paterno, Direccion, Telefono, Correo_Electronico) VALUES ('BENJAMIN','PEREZ','YONEKAWA','Direccion20','(55) 8848-3961','Correo20@correo.com');
INSERT INTO CLIENTE_INFORMACION_CONTACTO (Nombre, Apellido_Materno,Apellido_Paterno, Direccion, Telefono, Correo_Electronico) VALUES ('ALEJANDRO','RODRIGUEZ','CERON','Direccion21','(55) 9556-9070','Correo21@correo.com');
INSERT INTO CLIENTE_INFORMACION_CONTACTO (Nombre, Apellido_Materno,Apellido_Paterno, Direccion, Telefono, Correo_Electronico) VALUES ('SALVADOR','CERVANTES','FRANCO','Direccion22','(55) 2318-4281','Correo22@correo.com');
INSERT INTO CLIENTE_INFORMACION_CONTACTO (Nombre, Apellido_Materno,Apellido_Paterno, Direccion, Telefono, Correo_Electronico) VALUES ('JESUS','SANTIAGO','SEGURA','Direccion23','(55) 0458-9611','Correo23@correo.com');
INSERT INTO CLIENTE_INFORMACION_CONTACTO (Nombre, Apellido_Materno,Apellido_Paterno, Direccion, Telefono, Correo_Electronico) VALUES ('JUAN','RANGEL','SUAREZ','Direccion24','(55) 9554-5989','Correo24@correo.com');
INSERT INTO CLIENTE_INFORMACION_CONTACTO (Nombre, Apellido_Materno,Apellido_Paterno, Direccion, Telefono, Correo_Electronico) VALUES ('ARMANDO','VILLELA','PADRON','Direccion25','(55) 4269-4113','Correo25@correo.com');
INSERT INTO CLIENTE_INFORMACION_CONTACTO (Nombre, Apellido_Materno,Apellido_Paterno, Direccion, Telefono, Correo_Electronico) VALUES ('VICTOR MANUEL','LOPEZ','BADILLO','Direccion26','(55) 8640-3420','Correo26@correo.com');
INSERT INTO CLIENTE_INFORMACION_CONTACTO (Nombre, Apellido_Materno,Apellido_Paterno, Direccion, Telefono, Correo_Electronico) VALUES ('LEONARDO ANTONIO','VELAZQUEZ','CARMONA','Direccion27','(55) 2808-0365','Correo27@correo.com');
INSERT INTO CLIENTE_INFORMACION_CONTACTO (Nombre, Apellido_Materno,Apellido_Paterno, Direccion, Telefono, Correo_Electronico) VALUES ('CARLOS ALBERTO','VELAZQUEZ','RAMIREZ','Direccion28','(55) 8636-4191','Correo28@correo.com');
INSERT INTO CLIENTE_INFORMACION_CONTACTO (Nombre, Apellido_Materno,Apellido_Paterno, Direccion, Telefono, Correo_Electronico) VALUES ('ALEJANDRO','BERMEJO','HERNANDEZ','Direccion29','(55) 1404-1507','Correo29@correo.com');
INSERT INTO CLIENTE_INFORMACION_CONTACTO (Nombre, Apellido_Materno,Apellido_Paterno, Direccion, Telefono, Correo_Electronico) VALUES ('JESUS IGNACIO','DEHESA','BAHENA','Direccion30','(55) 5839-7918','Correo30@correo.com');
INSERT INTO CLIENTE_INFORMACION_CONTACTO (Nombre, Apellido_Materno,Apellido_Paterno, Direccion, Telefono, Correo_Electronico) VALUES ('ROBERTO','DIAZ','MEJIA','Direccion31','(55) 4156-7454','Correo31@correo.com');
INSERT INTO CLIENTE_INFORMACION_CONTACTO (Nombre, Apellido_Materno,Apellido_Paterno, Direccion, Telefono, Correo_Electronico) VALUES ('AGUSTIN','PEREZ','GALINDO','Direccion32','(55) 8141-8585','Correo32@correo.com');
INSERT INTO CLIENTE_INFORMACION_CONTACTO (Nombre, Apellido_Materno,Apellido_Paterno, Direccion, Telefono, Correo_Electronico) VALUES ('FREDY','MATEO','CRESCENCIO','Direccion33','(55) 1928-5222','Correo33@correo.com');
INSERT INTO CLIENTE_INFORMACION_CONTACTO (Nombre, Apellido_Materno,Apellido_Paterno, Direccion, Telefono, Correo_Electronico) VALUES ('LUIS ARTURO','BALDENEBRO','SALGADO','Direccion34','(55) 9093-6409','Correo34@correo.com');
INSERT INTO CLIENTE_INFORMACION_CONTACTO (Nombre, Apellido_Materno,Apellido_Paterno, Direccion, Telefono, Correo_Electronico) VALUES ('RAUL','GONZALEZ','LOPEZ','Direccion35','(55) 3100-7132','Correo35@correo.com');
INSERT INTO CLIENTE_INFORMACION_CONTACTO (Nombre, Apellido_Materno,Apellido_Paterno, Direccion, Telefono, Correo_Electronico) VALUES ('ALEJANDRO','BLANCAS','LOPEZ','Direccion36','(55) 5343-5593','Correo36@correo.com');
INSERT INTO CLIENTE_INFORMACION_CONTACTO (Nombre, Apellido_Materno,Apellido_Paterno, Direccion, Telefono, Correo_Electronico) VALUES ('SALVADOR','FUENTES','LORENZO','Direccion37','(55) 9590-1116','Correo37@correo.com');
INSERT INTO CLIENTE_INFORMACION_CONTACTO (Nombre, Apellido_Materno,Apellido_Paterno, Direccion, Telefono, Correo_Electronico) VALUES ('CARLOS','ANGELES','MONROY','Direccion38','(55) 4849-8074','Correo38@correo.com');
INSERT INTO CLIENTE_INFORMACION_CONTACTO (Nombre, Apellido_Materno,Apellido_Paterno, Direccion, Telefono, Correo_Electronico) VALUES ('JAIME ALBERTO','CAMPOS','MONJARAZ','Direccion39','(55) 0353-7554','Correo39@correo.com');
INSERT INTO CLIENTE_INFORMACION_CONTACTO (Nombre, Apellido_Materno,Apellido_Paterno, Direccion, Telefono, Correo_Electronico) VALUES ('JOSE ALFREDO','GARCIA','CORNEJO','Direccion40','(55) 0391-1507','Correo40@correo.com');
INSERT INTO CLIENTE_INFORMACION_CONTACTO (Nombre, Apellido_Materno,Apellido_Paterno, Direccion, Telefono, Correo_Electronico) VALUES ('EDMUNDO','PENILLA','CERVANTES','Direccion41','(55) 4746-1189','Correo41@correo.com');
INSERT INTO CLIENTE_INFORMACION_CONTACTO (Nombre, Apellido_Materno,Apellido_Paterno, Direccion, Telefono, Correo_Electronico) VALUES ('MIGUEL ANGEL','PICHARDO','ROJAS','Direccion42','(55) 0977-0593','Correo42@correo.com');
INSERT INTO CLIENTE_INFORMACION_CONTACTO (Nombre, Apellido_Materno,Apellido_Paterno, Direccion, Telefono, Correo_Electronico) VALUES ('ISMAEL','URQUIZA','RUBIO','Direccion43','(55) 6347-0170','Correo43@correo.com');
INSERT INTO CLIENTE_INFORMACION_CONTACTO (Nombre, Apellido_Materno,Apellido_Paterno, Direccion, Telefono, Correo_Electronico) VALUES ('JOSE LUIS','URQUIZA','RUBIO','Direccion44','(55) 6585-8339','Correo44@correo.com');
INSERT INTO CLIENTE_INFORMACION_CONTACTO (Nombre, Apellido_Materno,Apellido_Paterno, Direccion, Telefono, Correo_Electronico) VALUES ('ROBERTO','LOPEZ','CASTILLO','Direccion45','(55) 7218-5326','Correo45@correo.com');
INSERT INTO CLIENTE_INFORMACION_CONTACTO (Nombre, Apellido_Materno,Apellido_Paterno, Direccion, Telefono, Correo_Electronico) VALUES ('JUAN CIRILO','MENDOZA','MEJIA','Direccion46','(55) 1274-7785','Correo46@correo.com');
INSERT INTO CLIENTE_INFORMACION_CONTACTO (Nombre, Apellido_Materno,Apellido_Paterno, Direccion, Telefono, Correo_Electronico) VALUES ('JOSE MANUEL','AGUILAR','FLORES','Direccion47','(55) 9684-7902','Correo47@correo.com');
INSERT INTO CLIENTE_INFORMACION_CONTACTO (Nombre, Apellido_Materno,Apellido_Paterno, Direccion, Telefono, Correo_Electronico) VALUES ('MARCELO MARTIN','ALVAREZ','EUFRACIO','Direccion48','(55) 8023-0741','Correo48@correo.com');
INSERT INTO CLIENTE_INFORMACION_CONTACTO (Nombre, Apellido_Materno,Apellido_Paterno, Direccion, Telefono, Correo_Electronico) VALUES ('JOSE EDUARDO','BARRIGA','SANCHEZ','Direccion49','(55) 4113-5186','Correo49@correo.com');
INSERT INTO CLIENTE_INFORMACION_CONTACTO (Nombre, Apellido_Materno,Apellido_Paterno, Direccion, Telefono, Correo_Electronico) VALUES ('CESAR ADRIAN','CAMACHO','SANCHEZ','Direccion50','(55) 7849-5236','Correo50@correo.com');


INSERT INTO CLIENTE_INFORMACION_PERSONAL (Nombre, Apellido_Materno,Apellido_Paterno) VALUES ('MARCO ANTONIO','CHAVEZ','CHAVEZ');
INSERT INTO CLIENTE_INFORMACION_PERSONAL (Nombre, Apellido_Materno,Apellido_Paterno) VALUES ('JUAN GERONIMO','HUERTAS','BECERRA');
INSERT INTO CLIENTE_INFORMACION_PERSONAL (Nombre, Apellido_Materno,Apellido_Paterno) VALUES ('ARTURO','LOPEZ','AGUILAR');
INSERT INTO CLIENTE_INFORMACION_PERSONAL (Nombre, Apellido_Materno,Apellido_Paterno) VALUES ('GUILLERMO','SANCHEZ','SALAS');
INSERT INTO CLIENTE_INFORMACION_PERSONAL (Nombre, Apellido_Materno,Apellido_Paterno) VALUES ('DANIEL','VILLAVICENCIO','GONZALEZ');
INSERT INTO CLIENTE_INFORMACION_PERSONAL (Nombre, Apellido_Materno,Apellido_Paterno) VALUES ('ROBERTO','CORTES','BACA');
INSERT INTO CLIENTE_INFORMACION_PERSONAL (Nombre, Apellido_Materno,Apellido_Paterno) VALUES ('ARMANDO ALFREDO','LOPEZ','BASILIO');
INSERT INTO CLIENTE_INFORMACION_PERSONAL (Nombre, Apellido_Materno,Apellido_Paterno) VALUES ('ALEJANDRO','MORALES','MARTINEZ');
INSERT INTO CLIENTE_INFORMACION_PERSONAL (Nombre, Apellido_Materno,Apellido_Paterno) VALUES ('RAUL','PABLO','RODRIGUEZ');
INSERT INTO CLIENTE_INFORMACION_PERSONAL (Nombre, Apellido_Materno,Apellido_Paterno) VALUES ('ADRIAN','PADILLA','ROMAN');
INSERT INTO CLIENTE_INFORMACION_PERSONAL (Nombre, Apellido_Materno,Apellido_Paterno) VALUES ('IVAN FRANCISCO','PEREA','VALADEZ');
INSERT INTO CLIENTE_INFORMACION_PERSONAL (Nombre, Apellido_Materno,Apellido_Paterno) VALUES ('ARMANDO','MADRID','LOZANO');
INSERT INTO CLIENTE_INFORMACION_PERSONAL (Nombre, Apellido_Materno,Apellido_Paterno) VALUES ('ROBERTO','BONILLA','NECHA');
INSERT INTO CLIENTE_INFORMACION_PERSONAL (Nombre, Apellido_Materno,Apellido_Paterno) VALUES ('ELOY','CARRILLO','VARA');
INSERT INTO CLIENTE_INFORMACION_PERSONAL (Nombre, Apellido_Materno,Apellido_Paterno) VALUES ('JUAN','ARRIAGA','RODRIGUEZ');
INSERT INTO CLIENTE_INFORMACION_PERSONAL (Nombre, Apellido_Materno,Apellido_Paterno) VALUES ('EDUARDO','CORONA','ZEPEDA');
INSERT INTO CLIENTE_INFORMACION_PERSONAL (Nombre, Apellido_Materno,Apellido_Paterno) VALUES ('JUAN JOSE','MARTINEZ','ALVA');
INSERT INTO CLIENTE_INFORMACION_PERSONAL (Nombre, Apellido_Materno,Apellido_Paterno) VALUES ('OSCAR','MEJIA','FLORES');
INSERT INTO CLIENTE_INFORMACION_PERSONAL (Nombre, Apellido_Materno,Apellido_Paterno) VALUES ('JUAN JOSE','NAVARRO','MONTUFAR');
INSERT INTO CLIENTE_INFORMACION_PERSONAL (Nombre, Apellido_Materno,Apellido_Paterno) VALUES ('BENJAMIN','PEREZ','YONEKAWA');
INSERT INTO CLIENTE_INFORMACION_PERSONAL (Nombre, Apellido_Materno,Apellido_Paterno) VALUES ('ALEJANDRO','RODRIGUEZ','CERON');
INSERT INTO CLIENTE_INFORMACION_PERSONAL (Nombre, Apellido_Materno,Apellido_Paterno) VALUES ('JESUS','SANTIAGO','SEGURA');
INSERT INTO CLIENTE_INFORMACION_PERSONAL (Nombre, Apellido_Materno,Apellido_Paterno) VALUES ('JUAN','RANGEL','SUAREZ');
INSERT INTO CLIENTE_INFORMACION_PERSONAL (Nombre, Apellido_Materno,Apellido_Paterno) VALUES ('ARMANDO','VILLELA','PADRON');
INSERT INTO CLIENTE_INFORMACION_PERSONAL (Nombre, Apellido_Materno,Apellido_Paterno) VALUES ('VICTOR MANUEL','LOPEZ','BADILLO');
INSERT INTO CLIENTE_INFORMACION_PERSONAL (Nombre, Apellido_Materno,Apellido_Paterno) VALUES ('LEONARDO ANTONIO','VELAZQUEZ','CARMONA');
INSERT INTO CLIENTE_INFORMACION_PERSONAL (Nombre, Apellido_Materno,Apellido_Paterno) VALUES ('CARLOS ALBERTO','VELAZQUEZ','RAMIREZ');
INSERT INTO CLIENTE_INFORMACION_PERSONAL (Nombre, Apellido_Materno,Apellido_Paterno) VALUES ('ALEJANDRO','BERMEJO','HERNANDEZ');
INSERT INTO CLIENTE_INFORMACION_PERSONAL (Nombre, Apellido_Materno,Apellido_Paterno) VALUES ('JESUS IGNACIO','DEHESA','BAHENA');
INSERT INTO CLIENTE_INFORMACION_PERSONAL (Nombre, Apellido_Materno,Apellido_Paterno) VALUES ('ROBERTO','DIAZ','MEJIA');
INSERT INTO CLIENTE_INFORMACION_PERSONAL (Nombre, Apellido_Materno,Apellido_Paterno) VALUES ('AGUSTIN','PEREZ','GALINDO');
INSERT INTO CLIENTE_INFORMACION_PERSONAL (Nombre, Apellido_Materno,Apellido_Paterno) VALUES ('FREDY','MATEO','CRESCENCIO');
INSERT INTO CLIENTE_INFORMACION_PERSONAL (Nombre, Apellido_Materno,Apellido_Paterno) VALUES ('LUIS ARTURO','BALDENEBRO','SALGADO');
INSERT INTO CLIENTE_INFORMACION_PERSONAL (Nombre, Apellido_Materno,Apellido_Paterno) VALUES ('RAUL','GONZALEZ','LOPEZ');
INSERT INTO CLIENTE_INFORMACION_PERSONAL (Nombre, Apellido_Materno,Apellido_Paterno) VALUES ('ALEJANDRO','BLANCAS','LOPEZ');
INSERT INTO CLIENTE_INFORMACION_PERSONAL (Nombre, Apellido_Materno,Apellido_Paterno) VALUES ('SALVADOR','FUENTES','LORENZO');
INSERT INTO CLIENTE_INFORMACION_PERSONAL (Nombre, Apellido_Materno,Apellido_Paterno) VALUES ('CARLOS','ANGELES','MONROY');
INSERT INTO CLIENTE_INFORMACION_PERSONAL (Nombre, Apellido_Materno,Apellido_Paterno) VALUES ('JAIME ALBERTO','CAMPOS','MONJARAZ');
INSERT INTO CLIENTE_INFORMACION_PERSONAL (Nombre, Apellido_Materno,Apellido_Paterno) VALUES ('JOSE ALFREDO','GARCIA','CORNEJO');
INSERT INTO CLIENTE_INFORMACION_PERSONAL (Nombre, Apellido_Materno,Apellido_Paterno) VALUES ('EDMUNDO','PENILLA','CERVANTES');
INSERT INTO CLIENTE_INFORMACION_PERSONAL (Nombre, Apellido_Materno,Apellido_Paterno) VALUES ('MIGUEL ANGEL','PICHARDO','ROJAS');
INSERT INTO CLIENTE_INFORMACION_PERSONAL (Nombre, Apellido_Materno,Apellido_Paterno) VALUES ('ISMAEL','URQUIZA','RUBIO');
INSERT INTO CLIENTE_INFORMACION_PERSONAL (Nombre, Apellido_Materno,Apellido_Paterno) VALUES ('JOSE LUIS','URQUIZA','RUBIO');
INSERT INTO CLIENTE_INFORMACION_PERSONAL (Nombre, Apellido_Materno,Apellido_Paterno) VALUES ('ROBERTO','LOPEZ','CASTILLO');
INSERT INTO CLIENTE_INFORMACION_PERSONAL (Nombre, Apellido_Materno,Apellido_Paterno) VALUES ('JUAN CIRILO','MENDOZA','MEJIA');
INSERT INTO CLIENTE_INFORMACION_PERSONAL (Nombre, Apellido_Materno,Apellido_Paterno) VALUES ('JOSE MANUEL','AGUILAR','FLORES');
INSERT INTO CLIENTE_INFORMACION_PERSONAL (Nombre, Apellido_Materno,Apellido_Paterno) VALUES ('MARCELO MARTIN','ALVAREZ','EUFRACIO');
INSERT INTO CLIENTE_INFORMACION_PERSONAL (Nombre, Apellido_Materno,Apellido_Paterno) VALUES ('JOSE EDUARDO','BARRIGA','SANCHEZ');
INSERT INTO CLIENTE_INFORMACION_PERSONAL (Nombre, Apellido_Materno,Apellido_Paterno) VALUES ('CESAR ADRIAN','CAMACHO','SANCHEZ');


INSERT INTO EMPLEADO_INFORMACION_CONTACTO (RFC,Nombre, Apellido_Materno,Apellido_Paterno, Direccion, Correo_Electronico, Telefono) VALUES ('CACM731105H8A','MARCO ANTONIO','CHAVEZ','CHAVEZ','Direccion1','Correo1@correo.com','(55) 1666-7146');
INSERT INTO EMPLEADO_INFORMACION_CONTACTO (RFC,Nombre, Apellido_Materno,Apellido_Paterno, Direccion, Correo_Electronico, Telefono) VALUES ('BEHJ8807044Q9','JUAN GERONIMO','HUERTAS','BECERRA','Direccion2','Correo2@correo.com','(55) 6193-0597');
INSERT INTO EMPLEADO_INFORMACION_CONTACTO (RFC,Nombre, Apellido_Materno,Apellido_Paterno, Direccion, Correo_Electronico, Telefono) VALUES ('AULA0804095B7','ARTURO','LOPEZ','AGUILAR','Direccion3','Correo3@correo.com','(55) 3587-7893');
INSERT INTO EMPLEADO_INFORMACION_CONTACTO (RFC,Nombre, Apellido_Materno,Apellido_Paterno, Direccion, Correo_Electronico, Telefono) VALUES ('SASG850327IF4','GUILLERMO','SANCHEZ','SALAS','Direccion4','Correo4@correo.com','(55) 8755-8643');
INSERT INTO EMPLEADO_INFORMACION_CONTACTO (RFC,Nombre, Apellido_Materno,Apellido_Paterno, Direccion, Correo_Electronico, Telefono) VALUES ('GOVD501011676','DANIEL','VILLAVICENCIO','GONZALEZ','Direccion5','Correo5@correo.com','(55) 8923-4828');
INSERT INTO EMPLEADO_INFORMACION_CONTACTO (RFC,Nombre, Apellido_Materno,Apellido_Paterno, Direccion, Correo_Electronico, Telefono) VALUES ('BACR9206298D9','ROBERTO','CORTES','BACA','Direccion6','Correo6@correo.com','(55) 7095-2507');
INSERT INTO EMPLEADO_INFORMACION_CONTACTO (RFC,Nombre, Apellido_Materno,Apellido_Paterno, Direccion, Correo_Electronico, Telefono) VALUES ('BALA000112KJ4','ARMANDO ALFREDO','LOPEZ','BASILIO','Direccion7','Correo7@correo.com','(55) 1478-4877');
INSERT INTO EMPLEADO_INFORMACION_CONTACTO (RFC,Nombre, Apellido_Materno,Apellido_Paterno, Direccion, Correo_Electronico, Telefono) VALUES ('MAMA870826G14','ALEJANDRO','MORALES','MARTINEZ','Direccion8','Correo8@correo.com','(55) 9260-5411');
INSERT INTO EMPLEADO_INFORMACION_CONTACTO (RFC,Nombre, Apellido_Materno,Apellido_Paterno, Direccion, Correo_Electronico, Telefono) VALUES ('ROPR030923R99','RAUL','PABLO','RODRIGUEZ','Direccion9','Correo9@correo.com','(55) 1185-8469');
INSERT INTO EMPLEADO_INFORMACION_CONTACTO (RFC,Nombre, Apellido_Materno,Apellido_Paterno, Direccion, Correo_Electronico, Telefono) VALUES ('ROPA980408TT7','ADRIAN','PADILLA','ROMAN','Direccion10','Correo10@correo.com','(55) 8890-3389');
INSERT INTO EMPLEADO_INFORMACION_CONTACTO (RFC,Nombre, Apellido_Materno,Apellido_Paterno, Direccion, Correo_Electronico, Telefono) VALUES ('VAPI670210FG4','IVAN FRANCISCO','PEREA','VALADEZ','Direccion11','Correo11@correo.com','(55) 8849-0616');
INSERT INTO EMPLEADO_INFORMACION_CONTACTO (RFC,Nombre, Apellido_Materno,Apellido_Paterno, Direccion, Correo_Electronico, Telefono) VALUES ('LOMA811207E13','ARMANDO','MADRID','LOZANO','Direccion12','Correo12@ciencias.com','(55) 2831-0712');
INSERT INTO EMPLEADO_INFORMACION_CONTACTO (RFC,Nombre, Apellido_Materno,Apellido_Paterno, Direccion, Correo_Electronico, Telefono) VALUES ('NEBR970722FA3','ROBERTO','BONILLA','NECHA','Direccion13','Correo13@ciencias.com','(55) 0839-2165');
INSERT INTO EMPLEADO_INFORMACION_CONTACTO (RFC,Nombre, Apellido_Materno,Apellido_Paterno, Direccion, Correo_Electronico, Telefono) VALUES ('NECE600421SZ0','ELOY','CARRILLO','VARA','Direccion14','Correo14@correo.com','(55) 7179-9028');
INSERT INTO EMPLEADO_INFORMACION_CONTACTO (RFC,Nombre, Apellido_Materno,Apellido_Paterno, Direccion, Correo_Electronico, Telefono) VALUES ('ROAJ10102782A','JUAN','ARRIAGA','RODRIGUEZ','Direccion15','Correo15@correo.com','(55) 0649-0068');
INSERT INTO EMPLEADO_INFORMACION_CONTACTO (RFC,Nombre, Apellido_Materno,Apellido_Paterno, Direccion, Correo_Electronico, Telefono) VALUES ('ZECE770221IF7','EDUARDO','CORONA','ZEPEDA','Direccion16','Correo16@correo.com','(55) 1387-8902');
INSERT INTO EMPLEADO_INFORMACION_CONTACTO (RFC,Nombre, Apellido_Materno,Apellido_Paterno, Direccion, Correo_Electronico, Telefono) VALUES ('AAMJ470808BJA','JUAN JOSE','MARTINEZ','ALVA','Direccion17','Correo17@correo.com','(55) 5954-4247');
INSERT INTO EMPLEADO_INFORMACION_CONTACTO (RFC,Nombre, Apellido_Materno,Apellido_Paterno, Direccion, Correo_Electronico, Telefono) VALUES ('FOMO820217LV7','OSCAR','MEJIA','FLORES','Direccion18','Correo18@correo.com','(55) 7822-1555');
INSERT INTO EMPLEADO_INFORMACION_CONTACTO (RFC,Nombre, Apellido_Materno,Apellido_Paterno, Direccion, Correo_Electronico, Telefono) VALUES ('MONJ941004311','JUAN JOSE','NAVARRO','MONTUFAR','Direccion19','Correo19@correo.com','(55) 6084-7986');
INSERT INTO EMPLEADO_INFORMACION_CONTACTO (RFC,Nombre, Apellido_Materno,Apellido_Paterno, Direccion, Correo_Electronico, Telefono) VALUES ('YOPB8305151Z9','BENJAMIN','PEREZ','YONEKAWA','Direccion20','Correo20@correo.com','(55) 8848-3961');
INSERT INTO EMPLEADO_INFORMACION_CONTACTO (RFC,Nombre, Apellido_Materno,Apellido_Paterno, Direccion, Correo_Electronico, Telefono) VALUES ('CERA601225T26','ALEJANDRO','RODRIGUEZ','CERON','Direccion21','Correo21@correo.com','(55) 9556-9070');
INSERT INTO EMPLEADO_INFORMACION_CONTACTO (RFC,Nombre, Apellido_Materno,Apellido_Paterno, Direccion, Correo_Electronico, Telefono) VALUES ('FACS9107181Y1','SALVADOR','CERVANTES','FRANCO','Direccion22','Correo22@correo.com','(55) 2318-4281');
INSERT INTO EMPLEADO_INFORMACION_CONTACTO (RFC,Nombre, Apellido_Materno,Apellido_Paterno, Direccion, Correo_Electronico, Telefono) VALUES ('SESJ0206034I0','JESUS','SANTIAGO','SEGURA','Direccion23','Correo23@correo.com','(55) 0458-9611');
INSERT INTO EMPLEADO_INFORMACION_CONTACTO (RFC,Nombre, Apellido_Materno,Apellido_Paterno, Direccion, Correo_Electronico, Telefono) VALUES ('SURJ910815LIA','JUAN','RANGEL','SUAREZ','Direccion24','Correo24@correo.com','(55) 9554-5989');
INSERT INTO EMPLEADO_INFORMACION_CONTACTO (RFC,Nombre, Apellido_Materno,Apellido_Paterno, Direccion, Correo_Electronico, Telefono) VALUES ('PAVA950908G52','ARMANDO','VILLELA','PADRON','Direccion25','Correo25@correo.com','(55) 4269-4113');
INSERT INTO EMPLEADO_INFORMACION_CONTACTO (RFC,Nombre, Apellido_Materno,Apellido_Paterno, Direccion, Correo_Electronico, Telefono) VALUES ('BALV641005DL4','VICTOR MANUEL','LOPEZ','BADILLO','Direccion26','Correo26@correo.com','(55) 8640-3420');
INSERT INTO EMPLEADO_INFORMACION_CONTACTO (RFC,Nombre, Apellido_Materno,Apellido_Paterno, Direccion, Correo_Electronico, Telefono) VALUES ('CAVL840115CW3','LEONARDO ANTONIO','VELAZQUEZ','CARMONA','Direccion27','Correo27@correo.com','(55) 2808-0365');
INSERT INTO EMPLEADO_INFORMACION_CONTACTO (RFC,Nombre, Apellido_Materno,Apellido_Paterno, Direccion, Correo_Electronico, Telefono) VALUES ('RAVC900725EQ5','CARLOS ALBERTO','VELAZQUEZ','RAMIREZ','Direccion28','Correo28@correo.com','(55) 8636-4191');
INSERT INTO EMPLEADO_INFORMACION_CONTACTO (RFC,Nombre, Apellido_Materno,Apellido_Paterno, Direccion, Correo_Electronico, Telefono) VALUES ('HEBA881026CX0','ALEJANDRO','BERMEJO','HERNANDEZ','Direccion29','Correo29@correo.com','(55) 1404-1507');
INSERT INTO EMPLEADO_INFORMACION_CONTACTO (RFC,Nombre, Apellido_Materno,Apellido_Paterno, Direccion, Correo_Electronico, Telefono) VALUES ('BADJ020930EZ8','JESUS IGNACIO','DEHESA','BAHENA','Direccion30','Correo30@correo.com','(55) 5839-7918');


INSERT INTO EMPLEADO_INFORMACION_SUCURSAL (NO_SEGURO_SOCIAL,SUCURSAL) VALUES ('12-34-56-7890-0',1);
INSERT INTO EMPLEADO_INFORMACION_SUCURSAL (NO_SEGURO_SOCIAL,SUCURSAL) VALUES ('13-45-67-3456-7',2);
INSERT INTO EMPLEADO_INFORMACION_SUCURSAL (NO_SEGURO_SOCIAL,SUCURSAL) VALUES ('16-34-89-2367-1',3);
INSERT INTO EMPLEADO_INFORMACION_SUCURSAL (NO_SEGURO_SOCIAL,SUCURSAL) VALUES ('13-45-61-4689-3',4);
INSERT INTO EMPLEADO_INFORMACION_SUCURSAL (NO_SEGURO_SOCIAL,SUCURSAL) VALUES ('19-45-78-1256-6',5);
INSERT INTO EMPLEADO_INFORMACION_SUCURSAL (NO_SEGURO_SOCIAL,SUCURSAL) VALUES ('12-67-90-1256-5',1);
INSERT INTO EMPLEADO_INFORMACION_SUCURSAL (NO_SEGURO_SOCIAL,SUCURSAL) VALUES ('11-56-90-0931-1',2);
INSERT INTO EMPLEADO_INFORMACION_SUCURSAL (NO_SEGURO_SOCIAL,SUCURSAL) VALUES ('14-56-89-3112-4',3);
INSERT INTO EMPLEADO_INFORMACION_SUCURSAL (NO_SEGURO_SOCIAL,SUCURSAL) VALUES ('18-23-56-6134-1',4);
INSERT INTO EMPLEADO_INFORMACION_SUCURSAL (NO_SEGURO_SOCIAL,SUCURSAL) VALUES ('14-78-41-6532-0',5);
INSERT INTO EMPLEADO_INFORMACION_SUCURSAL (NO_SEGURO_SOCIAL,SUCURSAL) VALUES ('14-35-63-1256-3',1);
INSERT INTO EMPLEADO_INFORMACION_SUCURSAL (NO_SEGURO_SOCIAL,SUCURSAL) VALUES ('35-23-53-5234-7',2);
INSERT INTO EMPLEADO_INFORMACION_SUCURSAL (NO_SEGURO_SOCIAL,SUCURSAL) VALUES ('34-52-56-7534-2',3);
INSERT INTO EMPLEADO_INFORMACION_SUCURSAL (NO_SEGURO_SOCIAL,SUCURSAL) VALUES ('34-32-54-6464-5',4);
INSERT INTO EMPLEADO_INFORMACION_SUCURSAL (NO_SEGURO_SOCIAL,SUCURSAL) VALUES ('31-54-54-6541-4',5);
INSERT INTO EMPLEADO_INFORMACION_SUCURSAL (NO_SEGURO_SOCIAL,SUCURSAL) VALUES ('45-32-45-4572-4',1);
INSERT INTO EMPLEADO_INFORMACION_SUCURSAL (NO_SEGURO_SOCIAL,SUCURSAL) VALUES ('12-33-54-4523-5',2);
INSERT INTO EMPLEADO_INFORMACION_SUCURSAL (NO_SEGURO_SOCIAL,SUCURSAL) VALUES ('32-35-52-1203-5',3);
INSERT INTO EMPLEADO_INFORMACION_SUCURSAL (NO_SEGURO_SOCIAL,SUCURSAL) VALUES ('12-45-78-5423-6',4);
INSERT INTO EMPLEADO_INFORMACION_SUCURSAL (NO_SEGURO_SOCIAL,SUCURSAL) VALUES ('23-56-86-2323-7',5);
INSERT INTO EMPLEADO_INFORMACION_SUCURSAL (NO_SEGURO_SOCIAL,SUCURSAL) VALUES ('21-45-32-4565-1',1);
INSERT INTO EMPLEADO_INFORMACION_SUCURSAL (NO_SEGURO_SOCIAL,SUCURSAL) VALUES ('21-45-64-4121-3',2);
INSERT INTO EMPLEADO_INFORMACION_SUCURSAL (NO_SEGURO_SOCIAL,SUCURSAL) VALUES ('21-43-42-5632-3',3);
INSERT INTO EMPLEADO_INFORMACION_SUCURSAL (NO_SEGURO_SOCIAL,SUCURSAL) VALUES ('32-12-42-3221-4',4);
INSERT INTO EMPLEADO_INFORMACION_SUCURSAL (NO_SEGURO_SOCIAL,SUCURSAL) VALUES ('43-32-32-1209-5',5);
INSERT INTO EMPLEADO_INFORMACION_SUCURSAL (NO_SEGURO_SOCIAL,SUCURSAL) VALUES ('22-11-32-1409-7',1);
INSERT INTO EMPLEADO_INFORMACION_SUCURSAL (NO_SEGURO_SOCIAL,SUCURSAL) VALUES ('10-89-34-1167-9',2);
INSERT INTO EMPLEADO_INFORMACION_SUCURSAL (NO_SEGURO_SOCIAL,SUCURSAL) VALUES ('11-24-67-1349-0',3);
INSERT INTO EMPLEADO_INFORMACION_SUCURSAL (NO_SEGURO_SOCIAL,SUCURSAL) VALUES ('12-09-90-3209-1',4);
INSERT INTO EMPLEADO_INFORMACION_SUCURSAL (NO_SEGURO_SOCIAL,SUCURSAL) VALUES ('43-90-21-1099-2',5);

INSERT INTO EMPLEADO_INFORMACION_PERSONAL (NO_SEGURO_SOCIAL,RFC,Nombre, Apellido_Paterno, Apellido_Materno) VALUES ('12-34-56-7890-0','CACM731105H8A','MARCO ANTONIO','CHAVEZ','CHAVEZ');
INSERT INTO EMPLEADO_INFORMACION_PERSONAL (NO_SEGURO_SOCIAL,RFC,Nombre, Apellido_Paterno, Apellido_Materno) VALUES ('13-45-67-3456-7','BEHJ8807044Q9','JUAN GERONIMO','BECERRA','HUERTAS');
INSERT INTO EMPLEADO_INFORMACION_PERSONAL (NO_SEGURO_SOCIAL,RFC,Nombre, Apellido_Paterno, Apellido_Materno) VALUES ('16-34-89-2367-1','AULA0804095B7','ARTURO','AGUILAR','LOPEZ');
INSERT INTO EMPLEADO_INFORMACION_PERSONAL (NO_SEGURO_SOCIAL,RFC,Nombre, Apellido_Paterno, Apellido_Materno) VALUES ('13-45-61-4689-3','SASG850327IF4','GUILLERMO','SALAS','SANCHEZ');
INSERT INTO EMPLEADO_INFORMACION_PERSONAL (NO_SEGURO_SOCIAL,RFC,Nombre, Apellido_Paterno, Apellido_Materno) VALUES ('19-45-78-1256-6','GOVD501011676','DANIEL','GONZALEZ','VILLAVICENCIO');
INSERT INTO EMPLEADO_INFORMACION_PERSONAL (NO_SEGURO_SOCIAL,RFC,Nombre, Apellido_Paterno, Apellido_Materno) VALUES ('12-67-90-1256-5','BACR9206298D9','ROBERTO','BACA','CORTES');
INSERT INTO EMPLEADO_INFORMACION_PERSONAL (NO_SEGURO_SOCIAL,RFC,Nombre, Apellido_Paterno, Apellido_Materno) VALUES ('11-56-90-0931-1','BALA000112KJ4','ARMANDO ALFREDO','BASILIO','LOPEZ');
INSERT INTO EMPLEADO_INFORMACION_PERSONAL (NO_SEGURO_SOCIAL,RFC,Nombre, Apellido_Paterno, Apellido_Materno) VALUES ('14-56-89-3112-4','MAMA870826G14','ALEJANDRO','MARTINEZ','MORALES');
INSERT INTO EMPLEADO_INFORMACION_PERSONAL (NO_SEGURO_SOCIAL,RFC,Nombre, Apellido_Paterno, Apellido_Materno) VALUES ('18-23-56-6134-1','ROPR030923R99','RAUL','RODRIGUEZ','PABLO');
INSERT INTO EMPLEADO_INFORMACION_PERSONAL (NO_SEGURO_SOCIAL,RFC,Nombre, Apellido_Paterno, Apellido_Materno) VALUES ('14-78-41-6532-0','ROPA980408TT7','ADRIAN','ROMAN','PADILLA');
INSERT INTO EMPLEADO_INFORMACION_PERSONAL (NO_SEGURO_SOCIAL,RFC,Nombre, Apellido_Paterno, Apellido_Materno) VALUES ('14-35-63-1256-3','VAPI670210FG4','IVAN FRANCISCO','VALADEZ','PEREA');
INSERT INTO EMPLEADO_INFORMACION_PERSONAL (NO_SEGURO_SOCIAL,RFC,Nombre, Apellido_Paterno, Apellido_Materno) VALUES ('35-23-53-5234-7','LOMA811207E13','ARMANDO','LOZANO','MADRID');
INSERT INTO EMPLEADO_INFORMACION_PERSONAL (NO_SEGURO_SOCIAL,RFC,Nombre, Apellido_Paterno, Apellido_Materno) VALUES ('34-52-56-7534-2','NEBR970722FA3','ROBERTO','NECHA','BONILLA');
INSERT INTO EMPLEADO_INFORMACION_PERSONAL (NO_SEGURO_SOCIAL,RFC,Nombre, Apellido_Paterno, Apellido_Materno) VALUES ('34-32-54-6464-5','NECE600421SZ0','ELOY','VARA','CARRILLO');
INSERT INTO EMPLEADO_INFORMACION_PERSONAL (NO_SEGURO_SOCIAL,RFC,Nombre, Apellido_Paterno, Apellido_Materno) VALUES ('31-54-54-6541-4','ROAJ10102782A','JUAN','RODRIGUEZ','ARRIAGA');
INSERT INTO EMPLEADO_INFORMACION_PERSONAL (NO_SEGURO_SOCIAL,RFC,Nombre, Apellido_Paterno, Apellido_Materno) VALUES ('45-32-45-4572-4','ZECE770221IF7','EDUARDO','ZEPEDA','CORONA');
INSERT INTO EMPLEADO_INFORMACION_PERSONAL (NO_SEGURO_SOCIAL,RFC,Nombre, Apellido_Paterno, Apellido_Materno) VALUES ('12-33-54-4523-5','AAMJ470808BJA','JUAN JOSE','ALVA','MARTINEZ');
INSERT INTO EMPLEADO_INFORMACION_PERSONAL (NO_SEGURO_SOCIAL,RFC,Nombre, Apellido_Paterno, Apellido_Materno) VALUES ('32-35-52-1203-5','FOMO820217LV7','OSCAR','FLORES','MEJIA');
INSERT INTO EMPLEADO_INFORMACION_PERSONAL (NO_SEGURO_SOCIAL,RFC,Nombre, Apellido_Paterno, Apellido_Materno) VALUES ('12-45-78-5423-6','MONJ941004311','JUAN JOSE','MONTUFAR','NAVARRO');
INSERT INTO EMPLEADO_INFORMACION_PERSONAL (NO_SEGURO_SOCIAL,RFC,Nombre, Apellido_Paterno, Apellido_Materno) VALUES ('23-56-86-2323-7','YOPB8305151Z9','BENJAMIN','YONEKAWA','PEREZ');
INSERT INTO EMPLEADO_INFORMACION_PERSONAL (NO_SEGURO_SOCIAL,RFC,Nombre, Apellido_Paterno, Apellido_Materno) VALUES ('21-45-32-4565-1','CERA601225T26','ALEJANDRO','CERON','RODRIGUEZ');
INSERT INTO EMPLEADO_INFORMACION_PERSONAL (NO_SEGURO_SOCIAL,RFC,Nombre, Apellido_Paterno, Apellido_Materno) VALUES ('21-45-64-4121-3','FACS9107181Y1','SALVADOR','FRANCO','CERVANTES');
INSERT INTO EMPLEADO_INFORMACION_PERSONAL (NO_SEGURO_SOCIAL,RFC,Nombre, Apellido_Paterno, Apellido_Materno) VALUES ('21-43-42-5632-3','SESJ0206034I0','JESUS','SEGURA','SANTIAGO');
INSERT INTO EMPLEADO_INFORMACION_PERSONAL (NO_SEGURO_SOCIAL,RFC,Nombre, Apellido_Paterno, Apellido_Materno) VALUES ('32-12-42-3221-4','SURJ910815LIA','JUAN','SUAREZ','RANGEL');
INSERT INTO EMPLEADO_INFORMACION_PERSONAL (NO_SEGURO_SOCIAL,RFC,Nombre, Apellido_Paterno, Apellido_Materno) VALUES ('43-32-32-1209-5','PAVA950908G52','ARMANDO','PADRON','VILLELA');
INSERT INTO EMPLEADO_INFORMACION_PERSONAL (NO_SEGURO_SOCIAL,RFC,Nombre, Apellido_Paterno, Apellido_Materno) VALUES ('22-11-32-1409-7','BALV641005DL4','VICTOR MANUEL','BADILLO','LOPEZ');
INSERT INTO EMPLEADO_INFORMACION_PERSONAL (NO_SEGURO_SOCIAL,RFC,Nombre, Apellido_Paterno, Apellido_Materno) VALUES ('10-89-34-1167-9','CAVL840115CW3','LEONARDO ANTONIO','CARMONA','VELAZQUEZ');
INSERT INTO EMPLEADO_INFORMACION_PERSONAL (NO_SEGURO_SOCIAL,RFC,Nombre, Apellido_Paterno, Apellido_Materno) VALUES ('11-24-67-1349-0','RAVC900725EQ5','CARLOS ALBERTO','RAMIREZ','VELAZQUEZ');
INSERT INTO EMPLEADO_INFORMACION_PERSONAL (NO_SEGURO_SOCIAL,RFC,Nombre, Apellido_Paterno, Apellido_Materno) VALUES ('12-09-90-3209-1','HEBA881026CX0','ALEJANDRO','HERNANDEZ','BERMEJO');
INSERT INTO EMPLEADO_INFORMACION_PERSONAL (NO_SEGURO_SOCIAL,RFC,Nombre, Apellido_Paterno, Apellido_Materno) VALUES ('43-90-21-1099-2','BADJ020930EZ8','JESUS IGNACIO','BAHENA','DEHESA');



INSERT INTO GENERAL_INFO_CONTACTO (RFC,Nombre, Apellido_Materno, Apellido_Paterno,Direccion, Correo_Electronico, Telefono) VALUES ('CACM731105H8A','MARCO ANTONIO','CHAVEZ','CHAVEZ','Direccion1','Correo1@correo.com','(55) 1666-7146');
INSERT INTO GENERAL_INFO_CONTACTO (RFC,Nombre, Apellido_Materno, Apellido_Paterno,Direccion, Correo_Electronico, Telefono) VALUES ('BEHJ8807044Q9','JUAN GERONIMO','HUERTAS','BECERRA','Direccion2','Correo2@correo.com','(55) 6193-0597');
INSERT INTO GENERAL_INFO_CONTACTO (RFC,Nombre, Apellido_Materno, Apellido_Paterno,Direccion, Correo_Electronico, Telefono) VALUES ('AULA0804095B7','ARTURO','LOPEZ','AGUILAR','Direccion3','Correo3@correo.com','(55) 3587-7893');
INSERT INTO GENERAL_INFO_CONTACTO (RFC,Nombre, Apellido_Materno, Apellido_Paterno,Direccion, Correo_Electronico, Telefono) VALUES ('SASG850327IF4','GUILLERMO','SANCHEZ','SALAS','Direccion4','Correo4@correo.com','(55) 8755-8643');
INSERT INTO GENERAL_INFO_CONTACTO (RFC,Nombre, Apellido_Materno, Apellido_Paterno,Direccion, Correo_Electronico, Telefono) VALUES ('GOVD501011676','DANIEL','VILLAVICENCIO','GONZALEZ','Direccion5','Correo5@correo.com','(55) 8923-4828');


INSERT INTO GENERAL_INFO_SUCURSAL (NO_SEGURO_SOCIAL,Sucursal) VALUES ('12-34-56-7890-0',1);
INSERT INTO GENERAL_INFO_SUCURSAL (NO_SEGURO_SOCIAL,Sucursal) VALUES ('13-45-67-3456-7',2);
INSERT INTO GENERAL_INFO_SUCURSAL (NO_SEGURO_SOCIAL,Sucursal) VALUES ('16-34-89-2367-1',3);
INSERT INTO GENERAL_INFO_SUCURSAL (NO_SEGURO_SOCIAL,Sucursal) VALUES ('13-45-61-4689-3',4);
INSERT INTO GENERAL_INFO_SUCURSAL (NO_SEGURO_SOCIAL,Sucursal) VALUES ('19-45-78-1256-6',5);

INSERT INTO GENERAL_INFO_PERSONAL (NO_SEGURO_SOCIAL,RFC,Nombre, Apellido_Paterno, Apellido_Materno) VALUES ('12-34-56-7890-0','CACM731105H8A','MARCO ANTONIO','CHAVEZ','CHAVEZ');
INSERT INTO GENERAL_INFO_PERSONAL (NO_SEGURO_SOCIAL,RFC,Nombre, Apellido_Paterno, Apellido_Materno) VALUES ('13-45-67-3456-7','BEHJ8807044Q9','JUAN GERONIMO','BECERRA','HUERTAS');
INSERT INTO GENERAL_INFO_PERSONAL (NO_SEGURO_SOCIAL,RFC,Nombre, Apellido_Paterno, Apellido_Materno) VALUES ('16-34-89-2367-1','AULA0804095B7','ARTURO','AGUILAR','LOPEZ');
INSERT INTO GENERAL_INFO_PERSONAL (NO_SEGURO_SOCIAL,RFC,Nombre, Apellido_Paterno, Apellido_Materno) VALUES ('13-45-61-4689-3','SASG850327IF4','GUILLERMO','SALAS','SANCHEZ');
INSERT INTO GENERAL_INFO_PERSONAL (NO_SEGURO_SOCIAL,RFC,Nombre, Apellido_Paterno, Apellido_Materno) VALUES ('19-45-78-1256-6','GOVD501011676','DANIEL','GONZALEZ','VILLAVICENCIO');



INSERT INTO INTENDENCIA_INFO_CONTACTO (RFC,Nombre, Apellido_Materno, Apellido_Paterno,Direccion, Correo_Electronico, Telefono) VALUES ('BACR9206298D9','ROBERTO','CORTES','BACA','Direccion6','Correo6@correo.com','(55) 7095-2507');
INSERT INTO INTENDENCIA_INFO_CONTACTO (RFC,Nombre, Apellido_Materno, Apellido_Paterno,Direccion, Correo_Electronico, Telefono) VALUES ('BALA000112KJ4','ARMANDO ALFREDO','LOPEZ','BASILIO','Direccion7','Correo7@correo.com','(55) 1478-4877');
INSERT INTO INTENDENCIA_INFO_CONTACTO (RFC,Nombre, Apellido_Materno, Apellido_Paterno,Direccion, Correo_Electronico, Telefono) VALUES ('MAMA870826G14','ALEJANDRO','MORALES','MARTINEZ','Direccion8','Correo8@correo.com','(55) 9260-5411');
INSERT INTO INTENDENCIA_INFO_CONTACTO (RFC,Nombre, Apellido_Materno, Apellido_Paterno,Direccion, Correo_Electronico, Telefono) VALUES ('ROPR030923R99','RAUL','PABLO','RODRIGUEZ','Direccion9','Correo9@correo.com','(55) 1185-8469');
INSERT INTO INTENDENCIA_INFO_CONTACTO (RFC,Nombre, Apellido_Materno, Apellido_Paterno,Direccion, Correo_Electronico, Telefono) VALUES ('ROPA980408TT7','ADRIAN','PADILLA','ROMAN','Direccion10','Correo10@correo.com','(55) 8890-3389');

INSERT INTO INTENDENCIA_INFO_SUCURSAL (NO_SEGURO_SOCIAL,SUCURSAL) VALUES ('12-67-90-1256-5',1);
INSERT INTO INTENDENCIA_INFO_SUCURSAL (NO_SEGURO_SOCIAL,SUCURSAL) VALUES ('11-56-90-0931-1',2);
INSERT INTO INTENDENCIA_INFO_SUCURSAL (NO_SEGURO_SOCIAL,SUCURSAL) VALUES ('14-56-89-3112-4',3);
INSERT INTO INTENDENCIA_INFO_SUCURSAL (NO_SEGURO_SOCIAL,SUCURSAL) VALUES ('18-23-56-6134-1',4);
INSERT INTO INTENDENCIA_INFO_SUCURSAL (NO_SEGURO_SOCIAL,SUCURSAL) VALUES ('14-78-41-6532-0',5);

INSERT INTO INTENDENCIA_INFO_PERSONAL (NO_SEGURO_SOCIAL,RFC,Nombre, Apellido_Paterno, Apellido_Materno) VALUES ('12-67-90-1256-5','BACR9206298D9','ROBERTO','BACA','CORTES');
INSERT INTO INTENDENCIA_INFO_PERSONAL (NO_SEGURO_SOCIAL,RFC,Nombre, Apellido_Paterno, Apellido_Materno) VALUES ('11-56-90-0931-1','BALA000112KJ4','ARMANDO ALFREDO','BASILIO','LOPEZ');
INSERT INTO INTENDENCIA_INFO_PERSONAL (NO_SEGURO_SOCIAL,RFC,Nombre, Apellido_Paterno, Apellido_Materno) VALUES ('14-56-89-3112-4','MAMA870826G14','ALEJANDRO','MARTINEZ','MORALES');
INSERT INTO INTENDENCIA_INFO_PERSONAL (NO_SEGURO_SOCIAL,RFC,Nombre, Apellido_Paterno, Apellido_Materno) VALUES ('18-23-56-6134-1','ROPR030923R99','RAUL','RODRIGUEZ','PABLO');
INSERT INTO INTENDENCIA_INFO_PERSONAL (NO_SEGURO_SOCIAL,RFC,Nombre, Apellido_Paterno, Apellido_Materno) VALUES ('14-78-41-6532-0','ROPA980408TT7','ADRIAN','ROMAN','PADILLA');



INSERT INTO MEDICAMENTO(MARCA,NOMBRE,PRECIO,ESPECIALIDAD)VALUES('AMOXIL','Amoxilina',126.50,'No');
INSERT INTO MEDICAMENTO(MARCA,NOMBRE,PRECIO,ESPECIALIDAD)VALUES('Bayer','Aspirina',26.00,'No');
INSERT INTO MEDICAMENTO(MARCA,NOMBRE,PRECIO,ESPECIALIDAD)VALUES('Radanil','Benznidazol',1360,'Si');
INSERT INTO MEDICAMENTO(MARCA,NOMBRE,PRECIO,ESPECIALIDAD)VALUES('Voltaren','Diclofenaco',29.00,'No');
INSERT INTO MEDICAMENTO(MARCA,NOMBRE,PRECIO,ESPECIALIDAD)VALUES('Anaprox','Naproxeno',38.00,'No');
INSERT INTO MEDICAMENTO(MARCA,NOMBRE,PRECIO,ESPECIALIDAD)VALUES('Ultram','Tramadol',140.00,'No');
INSERT INTO MEDICAMENTO(MARCA,NOMBRE,PRECIO,ESPECIALIDAD)VALUES('ADVIL','Ibuprofeno',35.00,'No');
INSERT INTO MEDICAMENTO(MARCA,NOMBRE,PRECIO,ESPECIALIDAD)VALUES('Aquasol A','Vitamina A',50.00,'No');


INSERT INTO INGREDIENTE(INGREDIENTE)VALUES('Ninguna');
INSERT INTO INGREDIENTE(INGREDIENTE)VALUES('Ácido acetlsalicifico');
INSERT INTO INGREDIENTE(INGREDIENTE)VALUES('celulosa microcristalina');
INSERT INTO INGREDIENTE(INGREDIENTE)VALUES('polivinilpirrolidona');
INSERT INTO INGREDIENTE(INGREDIENTE)VALUES('estearato magnésico');
INSERT INTO INGREDIENTE(INGREDIENTE)VALUES('hidroxipropil metilcelulosa');
INSERT INTO INGREDIENTE(INGREDIENTE)VALUES('polietilenglicol');
INSERT INTO INGREDIENTE(INGREDIENTE)VALUES('dióxido de titanio ');
INSERT INTO INGREDIENTE(INGREDIENTE)VALUES('cálcico dihidratado');
INSERT INTO INGREDIENTE(INGREDIENTE)VALUES('laca de indigotina');
INSERT INTO INGREDIENTE(INGREDIENTE)VALUES('estearato magnésico');
INSERT INTO INGREDIENTE(INGREDIENTE)VALUES('dióxido de sílice coloidal');
INSERT INTO INGREDIENTE(INGREDIENTE)VALUES('dióxido de titanio');


INSERT INTO PRESENTACION(PRESENTACION)VALUES('Tabletas');
INSERT INTO PRESENTACION(PRESENTACION)VALUES('Grajeas');
INSERT INTO PRESENTACION(PRESENTACION)VALUES('Oral');

INSERT INTO MEDICO_INFORMACION_CONTACTO(NO_SEGURO_SOCIAL,CEDULA_PROFESIONAL,NOMBRE,APELLIDO_PATERNO,APELLIDO_MATERNO,DIRECCION,TELEFONO,CORREO_ELECTRONICO)VALUES('14-35-63-1256-3','3126789','IVAN FRANCISCO','VALADEZ','PEREA','Direccion11','(55) 8849-0616','Correo11@correo.com');
INSERT INTO MEDICO_INFORMACION_CONTACTO(NO_SEGURO_SOCIAL,CEDULA_PROFESIONAL,NOMBRE,APELLIDO_PATERNO,APELLIDO_MATERNO,DIRECCION,TELEFONO,CORREO_ELECTRONICO)VALUES('35-23-53-5234-7','3560156','ARMANDO','LOZANO','MADRID','Direccion12','(55) 2831-0712','Correo12@ciencias.com');
INSERT INTO MEDICO_INFORMACION_CONTACTO(NO_SEGURO_SOCIAL,CEDULA_PROFESIONAL,NOMBRE,APELLIDO_PATERNO,APELLIDO_MATERNO,DIRECCION,TELEFONO,CORREO_ELECTRONICO)VALUES('34-52-56-7534-2','3215735','ROBERTO','NECHA','BONILLA','Direccion13','(55) 0839-2165','Correo13@ciencias.com');
INSERT INTO MEDICO_INFORMACION_CONTACTO(NO_SEGURO_SOCIAL,CEDULA_PROFESIONAL,NOMBRE,APELLIDO_PATERNO,APELLIDO_MATERNO,DIRECCION,TELEFONO,CORREO_ELECTRONICO)VALUES('34-32-54-6464-5','2598012','ELOY','VARA','CARRILLO','Direccion14','(55) 7179-9028','Correo14@correo.com');
INSERT INTO MEDICO_INFORMACION_CONTACTO(NO_SEGURO_SOCIAL,CEDULA_PROFESIONAL,NOMBRE,APELLIDO_PATERNO,APELLIDO_MATERNO,DIRECCION,TELEFONO,CORREO_ELECTRONICO)VALUES('31-54-54-6541-4','6805421','JUAN','RODRIGUEZ','ARRIAGA','Direccion15','(55) 0649-0068','Correo15@correo.com');

INSERT INTO MEDICO_INFORMACION_SUCURSAL(NO_SEGURO_SOCIAL,CEDULA_PROFESIONAL,SUCURSAL)VALUES('14-35-63-1256-3','3126789',1);
INSERT INTO MEDICO_INFORMACION_SUCURSAL(NO_SEGURO_SOCIAL,CEDULA_PROFESIONAL,SUCURSAL)VALUES('35-23-53-5234-7','3560156',2);
INSERT INTO MEDICO_INFORMACION_SUCURSAL(NO_SEGURO_SOCIAL,CEDULA_PROFESIONAL,SUCURSAL)VALUES('34-52-56-7534-2','3215735',3);
INSERT INTO MEDICO_INFORMACION_SUCURSAL(NO_SEGURO_SOCIAL,CEDULA_PROFESIONAL,SUCURSAL)VALUES('34-32-54-6464-5','2598012',4);
INSERT INTO MEDICO_INFORMACION_SUCURSAL(NO_SEGURO_SOCIAL,CEDULA_PROFESIONAL,SUCURSAL)VALUES('31-54-54-6541-4','6805421',5);

INSERT INTO MEDICO_INFORMACION_PERSONAL(NO_SEGURO_SOCIAL,RFC,CEDULA_PROFESIONAL,NOMBRE,APELLIDO_PATERNO,APELLIDO_MATERNO)VALUES('14-35-63-1256-3','VAPI670210FG4','3126789','IVAN FRANCISCO','VALADEZ','PEREA');
INSERT INTO MEDICO_INFORMACION_PERSONAL(NO_SEGURO_SOCIAL,RFC,CEDULA_PROFESIONAL,NOMBRE,APELLIDO_PATERNO,APELLIDO_MATERNO)VALUES('35-23-53-5234-7','LOMA811207E13','3560156','ARMANDO','LOZANO','MADRID');
INSERT INTO MEDICO_INFORMACION_PERSONAL(NO_SEGURO_SOCIAL,RFC,CEDULA_PROFESIONAL,NOMBRE,APELLIDO_PATERNO,APELLIDO_MATERNO)VALUES('34-52-56-7534-2','NEBR970722FA3','3215735','ROBERTO','NECHA','BONILLA');
INSERT INTO MEDICO_INFORMACION_PERSONAL(NO_SEGURO_SOCIAL,RFC,CEDULA_PROFESIONAL,NOMBRE,APELLIDO_PATERNO,APELLIDO_MATERNO)VALUES('34-32-54-6464-5','NECE600421SZ0','2598012','ELOY','VARA','CARRILLO');
INSERT INTO MEDICO_INFORMACION_PERSONAL(NO_SEGURO_SOCIAL,RFC,CEDULA_PROFESIONAL,NOMBRE,APELLIDO_PATERNO,APELLIDO_MATERNO)VALUES('31-54-54-6541-4','ROAJ10102782A','6805421','JUAN','RODRIGUEZ','ARRIAGA');

INSERT INTO RECETA_INFORMACION_ESPECIAL(MEDICO,FIRMA,PDF)VALUES(1,'','');
INSERT INTO RECETA_INFORMACION_ESPECIAL(MEDICO,FIRMA,PDF)VALUES(2,'','');
INSERT INTO RECETA_INFORMACION_ESPECIAL(MEDICO,FIRMA,PDF)VALUES(3,'','');
INSERT INTO RECETA_INFORMACION_ESPECIAL(MEDICO,FIRMA,PDF)VALUES(4,'','');
INSERT INTO RECETA_INFORMACION_ESPECIAL(MEDICO,FIRMA,PDF)VALUES(5,'','');


INSERT INTO RECETA_INFORMACION_CONSULTA(MEDICO,FIRMA,DATOS_PACIENTE,TURNO_CONSULTA)VALUES(1,'',12,3);
INSERT INTO RECETA_INFORMACION_CONSULTA(MEDICO,FIRMA,DATOS_PACIENTE,TURNO_CONSULTA)VALUES(2,'',13,4);
INSERT INTO RECETA_INFORMACION_CONSULTA(MEDICO,FIRMA,DATOS_PACIENTE,TURNO_CONSULTA)VALUES(3,'',14,7);
INSERT INTO RECETA_INFORMACION_CONSULTA(MEDICO,FIRMA,DATOS_PACIENTE,TURNO_CONSULTA)VALUES(4,'',15,6);


INSERT INTO RESPONSABLE_INFO_CONTACTO(RFC,NOMBRE,APELLIDO_MATERNO,APELLIDO_PATERNO,DIRECCION,CORREO_ELECTRONICO,TELEFONO)VALUES('ZECE770221IF7','EDUARDO','CORONA','ZEPEDA','Direccion16','Correo16@correo.com','(55) 1387-8902');
INSERT INTO RESPONSABLE_INFO_CONTACTO(RFC,NOMBRE,APELLIDO_MATERNO,APELLIDO_PATERNO,DIRECCION,CORREO_ELECTRONICO,TELEFONO)VALUES('AAMJ470808BJA','JUAN JOSE','MARTINEZ','ALVA','Direccion17','Correo17@correo.com','(55) 5954-4247');
INSERT INTO RESPONSABLE_INFO_CONTACTO(RFC,NOMBRE,APELLIDO_MATERNO,APELLIDO_PATERNO,DIRECCION,CORREO_ELECTRONICO,TELEFONO)VALUES('FOMO820217LV7','OSCAR','MEJIA','FLORES','Direccion18','Correo18@correo.com','(55) 7822-1555');
INSERT INTO RESPONSABLE_INFO_CONTACTO(RFC,NOMBRE,APELLIDO_MATERNO,APELLIDO_PATERNO,DIRECCION,CORREO_ELECTRONICO,TELEFONO)VALUES('MONJ941004311','JUAN JOSE','NAVARRO','MONTUFAR','Direccion19','Correo19@correo.com','(55) 6084-7986');
INSERT INTO RESPONSABLE_INFO_CONTACTO(RFC,NOMBRE,APELLIDO_MATERNO,APELLIDO_PATERNO,DIRECCION,CORREO_ELECTRONICO,TELEFONO)VALUES('YOPB8305151Z9','BENJAMIN','PEREZ','YONEKAWA','Direccion20','Correo20@correo.com','(55) 8848-3961');

INSERT INTO RESPONSABLE_INFO_SUCURSAL(NO_SEGURO_SOCIAL,SUCURSAL)VALUES('45-32-45-4572-4',1);
INSERT INTO RESPONSABLE_INFO_SUCURSAL(NO_SEGURO_SOCIAL,SUCURSAL)VALUES('12-33-54-4523-5',2);
INSERT INTO RESPONSABLE_INFO_SUCURSAL(NO_SEGURO_SOCIAL,SUCURSAL)VALUES('32-35-52-1203-5',3);
INSERT INTO RESPONSABLE_INFO_SUCURSAL(NO_SEGURO_SOCIAL,SUCURSAL)VALUES('12-45-78-5423-6',4);
INSERT INTO RESPONSABLE_INFO_SUCURSAL(NO_SEGURO_SOCIAL,SUCURSAL)VALUES('23-56-86-2323-7',5);

INSERT INTO RESPONSABLE_INFO_PERSONAL(NO_SEGURO_SOCIAL,RFC,NOMBRE,APELLIDO_PATERNO,APELLIDO_MATERNO)VALUES('45-32-45-4572-4','ZECE770221IF7','EDUARDO','ZEPEDA','CORONA');
INSERT INTO RESPONSABLE_INFO_PERSONAL(NO_SEGURO_SOCIAL,RFC,NOMBRE,APELLIDO_PATERNO,APELLIDO_MATERNO)VALUES('12-33-54-4523-5','AAMJ470808BJA','JUAN JOSE','ALVA','MARTINEZ');
INSERT INTO RESPONSABLE_INFO_PERSONAL(NO_SEGURO_SOCIAL,RFC,NOMBRE,APELLIDO_PATERNO,APELLIDO_MATERNO)VALUES('32-35-52-1203-5','FOMO820217LV7','OSCAR','FLORES','MEJIA');
INSERT INTO RESPONSABLE_INFO_PERSONAL(NO_SEGURO_SOCIAL,RFC,NOMBRE,APELLIDO_PATERNO,APELLIDO_MATERNO)VALUES('12-45-78-5423-6','MONJ941004311','JUAN JOSE','MONTUFAR','NAVARRO');
INSERT INTO RESPONSABLE_INFO_PERSONAL(NO_SEGURO_SOCIAL,RFC,NOMBRE,APELLIDO_PATERNO,APELLIDO_MATERNO)VALUES('23-56-86-2323-7','YOPB8305151Z9','BENJAMIN','YONEKAWA','PEREZ');


INSERT INTO SUCURSAL(DIRECCION,CIUDAD,ESTADO) VALUES('Direccion1','Ciudad1','Estado1');
INSERT INTO SUCURSAL(DIRECCION,CIUDAD,ESTADO) VALUES('Direccion2','Ciudad2','Estado2');
INSERT INTO SUCURSAL(DIRECCION,CIUDAD,ESTADO) VALUES('Direccion3','Ciudad3','Estado3');
INSERT INTO SUCURSAL(DIRECCION,CIUDAD,ESTADO) VALUES('Direccion4','Ciudad4','Estado4');
INSERT INTO SUCURSAL(DIRECCION,CIUDAD,ESTADO) VALUES('Direccion5','Ciudad5','Estado5');


INSERT INTO MOSTRADOR_INFO_CONTACTO(RFC,NOMBRE,APELLIDO_MATERNO,APELLIDO_PATERNO,DIRECCION,CORREO_ELECTRONICO,TELEFONO)VALUES('CERA601225T26','ALEJANDRO','RODRIGUEZ','CERON','Direccion21','Correo21@correo.com','(55) 9556-9070');
INSERT INTO MOSTRADOR_INFO_CONTACTO(RFC,NOMBRE,APELLIDO_MATERNO,APELLIDO_PATERNO,DIRECCION,CORREO_ELECTRONICO,TELEFONO)VALUES('FACS9107181Y1','SALVADOR','CERVANTES','FRANCO','Direccion22','Correo22@correo.com','(55) 2318-4281');
INSERT INTO MOSTRADOR_INFO_CONTACTO(RFC,NOMBRE,APELLIDO_MATERNO,APELLIDO_PATERNO,DIRECCION,CORREO_ELECTRONICO,TELEFONO)VALUES('SESJ0206034I0','JESUS','SANTIAGO','SEGURA','Direccion23','Correo23@correo.com','(55) 0458-9611');
INSERT INTO MOSTRADOR_INFO_CONTACTO(RFC,NOMBRE,APELLIDO_MATERNO,APELLIDO_PATERNO,DIRECCION,CORREO_ELECTRONICO,TELEFONO)VALUES('SURJ910815LIA','JUAN','RANGEL','SUAREZ','Direccion24','Correo24@correo.com','(55) 9554-5989');
INSERT INTO MOSTRADOR_INFO_CONTACTO(RFC,NOMBRE,APELLIDO_MATERNO,APELLIDO_PATERNO,DIRECCION,CORREO_ELECTRONICO,TELEFONO)VALUES('PAVA950908G52','ARMANDO','VILLELA','PADRON','Direccion25','Correo25@correo.com','(55) 4269-4113');

INSERT INTO MOSTRADOR_INFO_SUCURSAL(NO_SEGURO_SOCIAL,SUCURSAL)VALUES('21-45-32-4565-1',1);
INSERT INTO MOSTRADOR_INFO_SUCURSAL(NO_SEGURO_SOCIAL,SUCURSAL)VALUES('21-45-64-4121-3',2);
INSERT INTO MOSTRADOR_INFO_SUCURSAL(NO_SEGURO_SOCIAL,SUCURSAL)VALUES('21-43-42-5632-3',3);
INSERT INTO MOSTRADOR_INFO_SUCURSAL(NO_SEGURO_SOCIAL,SUCURSAL)VALUES('32-12-42-3221-4',4);
INSERT INTO MOSTRADOR_INFO_SUCURSAL(NO_SEGURO_SOCIAL,SUCURSAL)VALUES('43-32-32-1209-5',5);

INSERT INTO MOSTRADOR_INFO_PERSONAL(NO_SEGURO_SOCIAL,RFC,NOMBRE,APELLIDO_PATERNO,APELLIDO_MATERNO)VALUES('21-45-32-4565-1','CERA601225T26','ALEJANDRO','CERON','RODRIGUEZ');
INSERT INTO MOSTRADOR_INFO_PERSONAL(NO_SEGURO_SOCIAL,RFC,NOMBRE,APELLIDO_PATERNO,APELLIDO_MATERNO)VALUES('21-45-64-4121-3','FACS9107181Y1','SALVADOR','FRANCO','CERVANTES');
INSERT INTO MOSTRADOR_INFO_PERSONAL(NO_SEGURO_SOCIAL,RFC,NOMBRE,APELLIDO_PATERNO,APELLIDO_MATERNO)VALUES('21-43-42-5632-3','SESJ0206034I0','JESUS','SEGURA','SANTIAGO');
INSERT INTO MOSTRADOR_INFO_PERSONAL(NO_SEGURO_SOCIAL,RFC,NOMBRE,APELLIDO_PATERNO,APELLIDO_MATERNO)VALUES('32-12-42-3221-4','SURJ910815LIA','JUAN','SUAREZ','RANGEL');
INSERT INTO MOSTRADOR_INFO_PERSONAL(NO_SEGURO_SOCIAL,RFC,NOMBRE,APELLIDO_PATERNO,APELLIDO_MATERNO)VALUES('43-32-32-1209-5','PAVA950908G52','ARMANDO','PADRON','VILLELA');


INSERT INTO TELEFONOS_SUCURSALES(TELEFONO)VALUES('(55) 4312-5678');
INSERT INTO TELEFONOS_SUCURSALES(TELEFONO)VALUES('(55) 3168-9410');
INSERT INTO TELEFONOS_SUCURSALES(TELEFONO)VALUES('(55) 3450-2345');
INSERT INTO TELEFONOS_SUCURSALES(TELEFONO)VALUES('(55) 0301-3478');
INSERT INTO TELEFONOS_SUCURSALES(TELEFONO)VALUES('(55) 0321-4367');
INSERT INTO TELEFONOS_SUCURSALES(TELEFONO)VALUES('(55) 3103-1290');


INSERT INTO TELEFONO_SUCURSAL(ID_TELEFONO,ID_SUCURSAL,DIRECCION)VALUES(1,1,'Direccion1');
INSERT INTO TELEFONO_SUCURSAL(ID_TELEFONO,ID_SUCURSAL,DIRECCION)VALUES(2,2,'Direccion2');
INSERT INTO TELEFONO_SUCURSAL(ID_TELEFONO,ID_SUCURSAL,DIRECCION)VALUES(3,3,'Direccion3');
INSERT INTO TELEFONO_SUCURSAL(ID_TELEFONO,ID_SUCURSAL,DIRECCION)VALUES(4,4,'Direccion4');
INSERT INTO TELEFONO_SUCURSAL(ID_TELEFONO,ID_SUCURSAL,DIRECCION)VALUES(5,5,'Direccion5');
INSERT INTO TELEFONO_SUCURSAL(ID_TELEFONO,ID_SUCURSAL,DIRECCION)VALUES(5,1,'Direccion5');

INSERT INTO SUCURSAL_MEDICAMENTO(ID_SUCURSAL,DIRECCION,CIUDAD,ESTADO,MARCA,NOMBRE,PRECIO,ESPECIALIDAD)VALUES(1,'Direccion1','Ciudad1','Estado1','AMOXIL','Amoxilina',126.50,'No');
INSERT INTO SUCURSAL_MEDICAMENTO(ID_SUCURSAL,DIRECCION,CIUDAD,ESTADO,MARCA,NOMBRE,PRECIO,ESPECIALIDAD)VALUES(2,'Direccion2','Ciudad2','Estado2','AMOXIL','Amoxilina',126.50,'No');
INSERT INTO SUCURSAL_MEDICAMENTO(ID_SUCURSAL,DIRECCION,CIUDAD,ESTADO,MARCA,NOMBRE,PRECIO,ESPECIALIDAD)VALUES(3,'Direccion3','Ciudad3','Estado3','AMOXIL','Amoxilina',126.50,'No');
INSERT INTO SUCURSAL_MEDICAMENTO(ID_SUCURSAL,DIRECCION,CIUDAD,ESTADO,MARCA,NOMBRE,PRECIO,ESPECIALIDAD)VALUES(4,'Direccion4','Ciudad4','Estado4','AMOXIL','Amoxilina',126.50,'No');
INSERT INTO SUCURSAL_MEDICAMENTO(ID_SUCURSAL,DIRECCION,CIUDAD,ESTADO,MARCA,NOMBRE,PRECIO,ESPECIALIDAD)VALUES(5,'Direccion5','Ciudad5','Estado5','AMOXIL','Amoxilina',126.50,'No');
INSERT INTO SUCURSAL_MEDICAMENTO(ID_SUCURSAL,DIRECCION,CIUDAD,ESTADO,MARCA,NOMBRE,PRECIO,ESPECIALIDAD)VALUES(1,'Direccion1','Ciudad1','Estado1','Bayer','Aspirina',26.00,'No');
INSERT INTO SUCURSAL_MEDICAMENTO(ID_SUCURSAL,DIRECCION,CIUDAD,ESTADO,MARCA,NOMBRE,PRECIO,ESPECIALIDAD)VALUES(2,'Direccion2','Ciudad2','Estado2','Bayer','Aspirina',26.00,'No');
INSERT INTO SUCURSAL_MEDICAMENTO(ID_SUCURSAL,DIRECCION,CIUDAD,ESTADO,MARCA,NOMBRE,PRECIO,ESPECIALIDAD)VALUES(3,'Direccion3','Ciudad3','Estado3','Bayer','Aspirina',26.00,'No');
INSERT INTO SUCURSAL_MEDICAMENTO(ID_SUCURSAL,DIRECCION,CIUDAD,ESTADO,MARCA,NOMBRE,PRECIO,ESPECIALIDAD)VALUES(4,'Direccion4','Ciudad4','Estado4','Bayer','Aspirina',26.00,'No');
INSERT INTO SUCURSAL_MEDICAMENTO(ID_SUCURSAL,DIRECCION,CIUDAD,ESTADO,MARCA,NOMBRE,PRECIO,ESPECIALIDAD)VALUES(5,'Direccion5','Ciudad5','Estado5','Bayer','Aspirina',26.00,'No');
INSERT INTO SUCURSAL_MEDICAMENTO(ID_SUCURSAL,DIRECCION,CIUDAD,ESTADO,MARCA,NOMBRE,PRECIO,ESPECIALIDAD)VALUES(1,'Direccion1','Ciudad1','Estado1','Radanil','Benznidazol',1360,'Si');
INSERT INTO SUCURSAL_MEDICAMENTO(ID_SUCURSAL,DIRECCION,CIUDAD,ESTADO,MARCA,NOMBRE,PRECIO,ESPECIALIDAD)VALUES(2,'Direccion2','Ciudad2','Estado2','Radanil','Benznidazol',1360,'Si');
INSERT INTO SUCURSAL_MEDICAMENTO(ID_SUCURSAL,DIRECCION,CIUDAD,ESTADO,MARCA,NOMBRE,PRECIO,ESPECIALIDAD)VALUES(3,'Direccion3','Ciudad3','Estado3','Radanil','Benznidazol',1360,'Si');
INSERT INTO SUCURSAL_MEDICAMENTO(ID_SUCURSAL,DIRECCION,CIUDAD,ESTADO,MARCA,NOMBRE,PRECIO,ESPECIALIDAD)VALUES(4,'Direccion4','Ciudad4','Estado4','Radanil','Benznidazol',1360,'Si');
INSERT INTO SUCURSAL_MEDICAMENTO(ID_SUCURSAL,DIRECCION,CIUDAD,ESTADO,MARCA,NOMBRE,PRECIO,ESPECIALIDAD)VALUES(5,'Direccion5','Ciudad5','Estado5','Radanil','Benznidazol',1360,'Si');
INSERT INTO SUCURSAL_MEDICAMENTO(ID_SUCURSAL,DIRECCION,CIUDAD,ESTADO,MARCA,NOMBRE,PRECIO,ESPECIALIDAD)VALUES(1,'Direccion1','Ciudad1','Estado1','Voltaren','Diclofenaco',29.00,'No');
INSERT INTO SUCURSAL_MEDICAMENTO(ID_SUCURSAL,DIRECCION,CIUDAD,ESTADO,MARCA,NOMBRE,PRECIO,ESPECIALIDAD)VALUES(2,'Direccion2','Ciudad2','Estado2','Voltaren','Diclofenaco',29.00,'No');
INSERT INTO SUCURSAL_MEDICAMENTO(ID_SUCURSAL,DIRECCION,CIUDAD,ESTADO,MARCA,NOMBRE,PRECIO,ESPECIALIDAD)VALUES(3,'Direccion3','Ciudad3','Estado3','Voltaren','Diclofenaco',29.00,'No');
INSERT INTO SUCURSAL_MEDICAMENTO(ID_SUCURSAL,DIRECCION,CIUDAD,ESTADO,MARCA,NOMBRE,PRECIO,ESPECIALIDAD)VALUES(4,'Direccion4','Ciudad4','Estado4','Voltaren','Diclofenaco',29.00,'No');
INSERT INTO SUCURSAL_MEDICAMENTO(ID_SUCURSAL,DIRECCION,CIUDAD,ESTADO,MARCA,NOMBRE,PRECIO,ESPECIALIDAD)VALUES(5,'Direccion5','Ciudad5','Estado5','Voltaren','Diclofenaco',29.00,'No');
INSERT INTO SUCURSAL_MEDICAMENTO(ID_SUCURSAL,DIRECCION,CIUDAD,ESTADO,MARCA,NOMBRE,PRECIO,ESPECIALIDAD)VALUES(1,'Direccion1','Ciudad1','Estado1','Anaprox','Naproxeno',38.00,'No');
INSERT INTO SUCURSAL_MEDICAMENTO(ID_SUCURSAL,DIRECCION,CIUDAD,ESTADO,MARCA,NOMBRE,PRECIO,ESPECIALIDAD)VALUES(2,'Direccion2','Ciudad2','Estado2','Anaprox','Naproxeno',38.00,'No');
INSERT INTO SUCURSAL_MEDICAMENTO(ID_SUCURSAL,DIRECCION,CIUDAD,ESTADO,MARCA,NOMBRE,PRECIO,ESPECIALIDAD)VALUES(3,'Direccion3','Ciudad3','Estado3','Anaprox','Naproxeno',38.00,'No');
INSERT INTO SUCURSAL_MEDICAMENTO(ID_SUCURSAL,DIRECCION,CIUDAD,ESTADO,MARCA,NOMBRE,PRECIO,ESPECIALIDAD)VALUES(4,'Direccion4','Ciudad4','Estado4','Anaprox','Naproxeno',38.00,'No');
INSERT INTO SUCURSAL_MEDICAMENTO(ID_SUCURSAL,DIRECCION,CIUDAD,ESTADO,MARCA,NOMBRE,PRECIO,ESPECIALIDAD)VALUES(5,'Direccion5','Ciudad5','Estado5','Anaprox','Naproxeno',38.00,'No');
INSERT INTO SUCURSAL_MEDICAMENTO(ID_SUCURSAL,DIRECCION,CIUDAD,ESTADO,MARCA,NOMBRE,PRECIO,ESPECIALIDAD)VALUES(1,'Direccion1','Ciudad1','Estado1','Ultram','Tramadol',140.00,'No');
INSERT INTO SUCURSAL_MEDICAMENTO(ID_SUCURSAL,DIRECCION,CIUDAD,ESTADO,MARCA,NOMBRE,PRECIO,ESPECIALIDAD)VALUES(2,'Direccion2','Ciudad2','Estado2','Ultram','Tramadol',140.00,'No');
INSERT INTO SUCURSAL_MEDICAMENTO(ID_SUCURSAL,DIRECCION,CIUDAD,ESTADO,MARCA,NOMBRE,PRECIO,ESPECIALIDAD)VALUES(3,'Direccion3','Ciudad3','Estado3','Ultram','Tramadol',140.00,'No');
INSERT INTO SUCURSAL_MEDICAMENTO(ID_SUCURSAL,DIRECCION,CIUDAD,ESTADO,MARCA,NOMBRE,PRECIO,ESPECIALIDAD)VALUES(4,'Direccion4','Ciudad4','Estado4','Ultram','Tramadol',140.00,'No');
INSERT INTO SUCURSAL_MEDICAMENTO(ID_SUCURSAL,DIRECCION,CIUDAD,ESTADO,MARCA,NOMBRE,PRECIO,ESPECIALIDAD)VALUES(5,'Direccion5','Ciudad5','Estado5','Ultram','Tramadol',140.00,'No');
INSERT INTO SUCURSAL_MEDICAMENTO(ID_SUCURSAL,DIRECCION,CIUDAD,ESTADO,MARCA,NOMBRE,PRECIO,ESPECIALIDAD)VALUES(1,'Direccion1','Ciudad1','Estado1','ADVIL','Ibuprofeno',35.00,'No');
INSERT INTO SUCURSAL_MEDICAMENTO(ID_SUCURSAL,DIRECCION,CIUDAD,ESTADO,MARCA,NOMBRE,PRECIO,ESPECIALIDAD)VALUES(2,'Direccion2','Ciudad2','Estado2','ADVIL','Ibuprofeno',35.00,'No');
INSERT INTO SUCURSAL_MEDICAMENTO(ID_SUCURSAL,DIRECCION,CIUDAD,ESTADO,MARCA,NOMBRE,PRECIO,ESPECIALIDAD)VALUES(3,'Direccion3','Ciudad3','Estado3','ADVIL','Ibuprofeno',35.00,'No');
INSERT INTO SUCURSAL_MEDICAMENTO(ID_SUCURSAL,DIRECCION,CIUDAD,ESTADO,MARCA,NOMBRE,PRECIO,ESPECIALIDAD)VALUES(4,'Direccion4','Ciudad4','Estado4','ADVIL','Ibuprofeno',35.00,'No');
INSERT INTO SUCURSAL_MEDICAMENTO(ID_SUCURSAL,DIRECCION,CIUDAD,ESTADO,MARCA,NOMBRE,PRECIO,ESPECIALIDAD)VALUES(5,'Direccion5','Ciudad5','Estado5','ADVIL','Ibuprofeno',35.00,'No');
INSERT INTO SUCURSAL_MEDICAMENTO(ID_SUCURSAL,DIRECCION,CIUDAD,ESTADO,MARCA,NOMBRE,PRECIO,ESPECIALIDAD)VALUES(1,'Direccion1','Ciudad1','Estado1','Aquasol A','Vitamina A',50.00,'No');
INSERT INTO SUCURSAL_MEDICAMENTO(ID_SUCURSAL,DIRECCION,CIUDAD,ESTADO,MARCA,NOMBRE,PRECIO,ESPECIALIDAD)VALUES(2,'Direccion2','Ciudad2','Estado2','Aquasol A','Vitamina A',50.00,'No');
INSERT INTO SUCURSAL_MEDICAMENTO(ID_SUCURSAL,DIRECCION,CIUDAD,ESTADO,MARCA,NOMBRE,PRECIO,ESPECIALIDAD)VALUES(3,'Direccion3','Ciudad3','Estado3','Aquasol A','Vitamina A',50.00,'No');
INSERT INTO SUCURSAL_MEDICAMENTO(ID_SUCURSAL,DIRECCION,CIUDAD,ESTADO,MARCA,NOMBRE,PRECIO,ESPECIALIDAD)VALUES(4,'Direccion4','Ciudad4','Estado4','Aquasol A','Vitamina A',50.00,'No');
INSERT INTO SUCURSAL_MEDICAMENTO(ID_SUCURSAL,DIRECCION,CIUDAD,ESTADO,MARCA,NOMBRE,PRECIO,ESPECIALIDAD)VALUES(5,'Direccion5','Ciudad5','Estado5','Aquasol A','Vitamina A',50.00,'No');


INSERT INTO ESPECIALIDAD(ESPECIALIDAD)VALUES('Especialidad1');
INSERT INTO ESPECIALIDAD(ESPECIALIDAD)VALUES('Especialidad2');
INSERT INTO ESPECIALIDAD(ESPECIALIDAD)VALUES('Especialidad3');
INSERT INTO ESPECIALIDAD(ESPECIALIDAD)VALUES('Especialidad4');
INSERT INTO ESPECIALIDAD(ESPECIALIDAD)VALUES('Especialidad5');


INSERT INTO MEDICO_ESPECIALIDAD(ID_MEDICO,ID_ESPECIALIDAD,NO_SEGURO_SOCIAL,RFC,CEDULA_PROFESIONAL)VALUES(6,1,'14-35-63-1256-3','VAPI670210FG4','3126789');
INSERT INTO MEDICO_ESPECIALIDAD(ID_MEDICO,ID_ESPECIALIDAD,NO_SEGURO_SOCIAL,RFC,CEDULA_PROFESIONAL)VALUES(7,2,'35-23-53-5234-7','LOMA811207E13','3560156');
INSERT INTO MEDICO_ESPECIALIDAD(ID_MEDICO,ID_ESPECIALIDAD,NO_SEGURO_SOCIAL,RFC,CEDULA_PROFESIONAL)VALUES(8,2,'34-52-56-7534-2','NEBR970722FA3','3215735');
INSERT INTO MEDICO_ESPECIALIDAD(ID_MEDICO,ID_ESPECIALIDAD,NO_SEGURO_SOCIAL,RFC,CEDULA_PROFESIONAL)VALUES(9,4,'34-32-54-6464-5','NECE600421SZ0','2598012');
INSERT INTO MEDICO_ESPECIALIDAD(ID_MEDICO,ID_ESPECIALIDAD,NO_SEGURO_SOCIAL,RFC,CEDULA_PROFESIONAL)VALUES(10,5,'31-54-54-6541-4','ROAJ10102782A','6805421');
INSERT INTO MEDICO_ESPECIALIDAD(ID_MEDICO,ID_ESPECIALIDAD,NO_SEGURO_SOCIAL,RFC,CEDULA_PROFESIONAL)VALUES(6,2,'14-35-63-1256-3','VAPI670210FG4','3126789');
INSERT INTO MEDICO_ESPECIALIDAD(ID_MEDICO,ID_ESPECIALIDAD,NO_SEGURO_SOCIAL,RFC,CEDULA_PROFESIONAL)VALUES(6,3,'14-35-63-1256-3','VAPI670210FG4','3126789');


INSERT INTO CLIENTE_RECETA(ID_CLIENTE,NOMBRE,APELLIDO_MATERNO,APELLIDO_PATERNO,ID_RECETA)VALUES(60,'ARMANDO','MADRID','LOZANO',1);
INSERT INTO CLIENTE_RECETA(ID_CLIENTE,NOMBRE,APELLIDO_MATERNO,APELLIDO_PATERNO,ID_RECETA)VALUES(61,'ROBERTO','BONILLA','NECHA',2);
INSERT INTO CLIENTE_RECETA(ID_CLIENTE,NOMBRE,APELLIDO_MATERNO,APELLIDO_PATERNO,ID_RECETA)VALUES(62,'ELOY','CARRILLO','VARA',3);
INSERT INTO CLIENTE_RECETA(ID_CLIENTE,NOMBRE,APELLIDO_MATERNO,APELLIDO_PATERNO,ID_RECETA)VALUES(63,'JUAN','ARRIAGA','RODRIGUEZ',4);

INSERT INTO COMPRA_INFORMACION_SUCVEN(SUCURSAL,VENDEDOR)VALUES(1,1);
INSERT INTO COMPRA_INFORMACION_SUCVEN(SUCURSAL,VENDEDOR)VALUES(2,2);
INSERT INTO COMPRA_INFORMACION_SUCVEN(SUCURSAL,VENDEDOR)VALUES(3,3);
INSERT INTO COMPRA_INFORMACION_SUCVEN(SUCURSAL,VENDEDOR)VALUES(4,4);
INSERT INTO COMPRA_INFORMACION_SUCVEN(SUCURSAL,VENDEDOR)VALUES(5,5);



INSERT INTO COMPRA_INFORMACION_GENERAL(NO_RECETA,SUCURSAL,VENDEDOR,FECHA,TOTAL,TIPO_PAGO)VALUES(1,1,1,TO_DATE('2003/05/03 21:02:44', 'yyyy/mm/dd hh24:mi:ss'),126.50,'Efectivo');
INSERT INTO COMPRA_INFORMACION_GENERAL(NO_RECETA,SUCURSAL,VENDEDOR,FECHA,TOTAL,TIPO_PAGO)VALUES(2,2,2,TO_DATE('2001/04/06 13:03:54', 'yyyy/mm/dd hh24:mi:ss'),26.00,'Efectivo');
INSERT INTO COMPRA_INFORMACION_GENERAL(NO_RECETA,SUCURSAL,VENDEDOR,FECHA,TOTAL,TIPO_PAGO)VALUES(3,3,3,TO_DATE('2000/12/23 12:32:54', 'yyyy/mm/dd hh24:mi:ss'),29.00,'Tarjeta de Credito');
INSERT INTO COMPRA_INFORMACION_GENERAL(NO_RECETA,SUCURSAL,VENDEDOR,FECHA,TOTAL,TIPO_PAGO)VALUES(4,4,4,TO_DATE('2008/09/13 23:45:00', 'yyyy/mm/dd hh24:mi:ss'),140.00,'Monedero');
INSERT INTO COMPRA_INFORMACION_GENERAL(NO_RECETA,SUCURSAL,VENDEDOR,FECHA,TOTAL,TIPO_PAGO)VALUES(5,5,5,TO_DATE('2001/11/19 09:12:44', 'yyyy/mm/dd hh24:mi:ss'),35.00,'Efectivo');


INSERT INTO EMPLEADO_SUCURSAL(ID_CLIENTE,NO_SEGURO_SOCIAL,RFC,NOMBRE,APELLIDO_PATERNO,APELLIDO_MATERNO,ID_SUCURSAL)VALUES(31,'12-34-56-7890-0','CACM731105H8A','MARCO ANTONIO','CHAVEZ','CHAVEZ',1);
INSERT INTO EMPLEADO_SUCURSAL(ID_CLIENTE,NO_SEGURO_SOCIAL,RFC,NOMBRE,APELLIDO_PATERNO,APELLIDO_MATERNO,ID_SUCURSAL)VALUES(32',13-45-67-3456-7','BEHJ8807044Q9','JUAN GERONIMO','BECERRA','HUERTAS',2);
INSERT INTO EMPLEADO_SUCURSAL(ID_CLIENTE,NO_SEGURO_SOCIAL,RFC,NOMBRE,APELLIDO_PATERNO,APELLIDO_MATERNO,ID_SUCURSAL)VALUES(33,'16-34-89-2367-1','AULA0804095B7','ARTURO','AGUILAR','LOPEZ',3);
INSERT INTO EMPLEADO_SUCURSAL(ID_CLIENTE,NO_SEGURO_SOCIAL,RFC,NOMBRE,APELLIDO_PATERNO,APELLIDO_MATERNO,ID_SUCURSAL)VALUES(34,'13-45-61-4689-3','SASG850327IF4','GUILLERMO','SALAS','SANCHEZ',4);
INSERT INTO EMPLEADO_SUCURSAL(ID_CLIENTE,NO_SEGURO_SOCIAL,RFC,NOMBRE,APELLIDO_PATERNO,APELLIDO_MATERNO,ID_SUCURSAL)VALUES(35,'19-45-78-1256-6','GOVD501011676','DANIEL','GONZALEZ','VILLAVICENCIO',5);
INSERT INTO EMPLEADO_SUCURSAL(ID_CLIENTE,NO_SEGURO_SOCIAL,RFC,NOMBRE,APELLIDO_PATERNO,APELLIDO_MATERNO,ID_SUCURSAL)VALUES(36,'12-67-90-1256-5','BACR9206298D9','ROBERTO','BACA','CORTES',1);
INSERT INTO EMPLEADO_SUCURSAL(ID_CLIENTE,NO_SEGURO_SOCIAL,RFC,NOMBRE,APELLIDO_PATERNO,APELLIDO_MATERNO,ID_SUCURSAL)VALUES(37,'11-56-90-0931-1','BALA000112KJ4','ARMANDO ALFREDO','BASILIO','LOPEZ',2);
INSERT INTO EMPLEADO_SUCURSAL(ID_CLIENTE,NO_SEGURO_SOCIAL,RFC,NOMBRE,APELLIDO_PATERNO,APELLIDO_MATERNO,ID_SUCURSAL)VALUES(38,'14-56-89-3112-4','MAMA870826G14','ALEJANDRO','MARTINEZ','MORALES',3);
INSERT INTO EMPLEADO_SUCURSAL(ID_CLIENTE,NO_SEGURO_SOCIAL,RFC,NOMBRE,APELLIDO_PATERNO,APELLIDO_MATERNO,ID_SUCURSAL)VALUES(39,'18-23-56-6134-1','ROPR030923R99','RAUL','RODRIGUEZ','PABLO',4);
INSERT INTO EMPLEADO_SUCURSAL(ID_CLIENTE,NO_SEGURO_SOCIAL,RFC,NOMBRE,APELLIDO_PATERNO,APELLIDO_MATERNO,ID_SUCURSAL)VALUES(40,'14-78-41-6532-0','ROPA980408TT7','ADRIAN','ROMAN','PADILLA',5);
INSERT INTO EMPLEADO_SUCURSAL(ID_CLIENTE,NO_SEGURO_SOCIAL,RFC,NOMBRE,APELLIDO_PATERNO,APELLIDO_MATERNO,ID_SUCURSAL)VALUES(41,'14-35-63-1256-3','VAPI670210FG4','IVAN FRANCISCO','VALADEZ','PEREA',1);
INSERT INTO EMPLEADO_SUCURSAL(ID_CLIENTE,NO_SEGURO_SOCIAL,RFC,NOMBRE,APELLIDO_PATERNO,APELLIDO_MATERNO,ID_SUCURSAL)VALUES(42,'35-23-53-5234-7','LOMA811207E13','ARMANDO','LOZANO','MADRID',2);
INSERT INTO EMPLEADO_SUCURSAL(ID_CLIENTE,NO_SEGURO_SOCIAL,RFC,NOMBRE,APELLIDO_PATERNO,APELLIDO_MATERNO,ID_SUCURSAL)VALUES(43,'34-52-56-7534-2','NEBR970722FA3','ROBERTO','NECHA','BONILLA',3);
INSERT INTO EMPLEADO_SUCURSAL(ID_CLIENTE,NO_SEGURO_SOCIAL,RFC,NOMBRE,APELLIDO_PATERNO,APELLIDO_MATERNO,ID_SUCURSAL)VALUES(44,'34-32-54-6464-5','NECE600421SZ0','ELOY','VARA','CARRILLO',4);
INSERT INTO EMPLEADO_SUCURSAL(ID_CLIENTE,NO_SEGURO_SOCIAL,RFC,NOMBRE,APELLIDO_PATERNO,APELLIDO_MATERNO,ID_SUCURSAL)VALUES(45,'31-54-54-6541-4','ROAJ10102782A','JUAN','RODRIGUEZ','ARRIAGA',5);
INSERT INTO EMPLEADO_SUCURSAL(ID_CLIENTE,NO_SEGURO_SOCIAL,RFC,NOMBRE,APELLIDO_PATERNO,APELLIDO_MATERNO,ID_SUCURSAL)VALUES(46,'45-32-45-4572-4','ZECE770221IF7','EDUARDO','ZEPEDA','CORONA',1);
INSERT INTO EMPLEADO_SUCURSAL(ID_CLIENTE,NO_SEGURO_SOCIAL,RFC,NOMBRE,APELLIDO_PATERNO,APELLIDO_MATERNO,ID_SUCURSAL)VALUES(47,'12-33-54-4523-5','AAMJ470808BJA','JUAN JOSE','ALVA','MARTINEZ',2);
INSERT INTO EMPLEADO_SUCURSAL(ID_CLIENTE,NO_SEGURO_SOCIAL,RFC,NOMBRE,APELLIDO_PATERNO,APELLIDO_MATERNO,ID_SUCURSAL)VALUES(48,'32-35-52-1203-5','FOMO820217LV7','OSCAR','FLORES','MEJIA',3);
INSERT INTO EMPLEADO_SUCURSAL(ID_CLIENTE,NO_SEGURO_SOCIAL,RFC,NOMBRE,APELLIDO_PATERNO,APELLIDO_MATERNO,ID_SUCURSAL)VALUES(49,'12-45-78-5423-6','MONJ941004311','JUAN JOSE','MONTUFAR','NAVARRO',4);
INSERT INTO EMPLEADO_SUCURSAL(ID_CLIENTE,NO_SEGURO_SOCIAL,RFC,NOMBRE,APELLIDO_PATERNO,APELLIDO_MATERNO,ID_SUCURSAL)VALUES(50,'23-56-86-2323-7','YOPB8305151Z9','BENJAMIN','YONEKAWA','PEREZ',5);
INSERT INTO EMPLEADO_SUCURSAL(ID_CLIENTE,NO_SEGURO_SOCIAL,RFC,NOMBRE,APELLIDO_PATERNO,APELLIDO_MATERNO,ID_SUCURSAL)VALUES(51,'21-45-32-4565-1','CERA601225T26','ALEJANDRO','CERON','RODRIGUEZ',1);
INSERT INTO EMPLEADO_SUCURSAL(ID_CLIENTE,NO_SEGURO_SOCIAL,RFC,NOMBRE,APELLIDO_PATERNO,APELLIDO_MATERNO,ID_SUCURSAL)VALUES(52,'21-45-64-4121-3','FACS9107181Y1','SALVADOR','FRANCO','CERVANTES',2);
INSERT INTO EMPLEADO_SUCURSAL(ID_CLIENTE,NO_SEGURO_SOCIAL,RFC,NOMBRE,APELLIDO_PATERNO,APELLIDO_MATERNO,ID_SUCURSAL)VALUES(53,'21-43-42-5632-3','SESJ0206034I0','JESUS','SEGURA','SANTIAGO',3);
INSERT INTO EMPLEADO_SUCURSAL(ID_CLIENTE,NO_SEGURO_SOCIAL,RFC,NOMBRE,APELLIDO_PATERNO,APELLIDO_MATERNO,ID_SUCURSAL)VALUES(54,'32-12-42-3221-4','SURJ910815LIA','JUAN','SUAREZ','RANGEL',4);
INSERT INTO EMPLEADO_SUCURSAL(ID_CLIENTE,NO_SEGURO_SOCIAL,RFC,NOMBRE,APELLIDO_PATERNO,APELLIDO_MATERNO,ID_SUCURSAL)VALUES(55,'43-32-32-1209-5','PAVA950908G52','ARMANDO','PADRON','VILLELA',5);
INSERT INTO EMPLEADO_SUCURSAL(ID_CLIENTE,NO_SEGURO_SOCIAL,RFC,NOMBRE,APELLIDO_PATERNO,APELLIDO_MATERNO,ID_SUCURSAL)VALUES(56,'22-11-32-1409-7','BALV641005DL4','VICTOR MANUEL','BADILLO','LOPEZ',1);
INSERT INTO EMPLEADO_SUCURSAL(ID_CLIENTE,NO_SEGURO_SOCIAL,RFC,NOMBRE,APELLIDO_PATERNO,APELLIDO_MATERNO,ID_SUCURSAL)VALUES(57,'10-89-34-1167-9','CAVL840115CW3','LEONARDO ANTONIO','CARMONA','VELAZQUEZ',2);
INSERT INTO EMPLEADO_SUCURSAL(ID_CLIENTE,NO_SEGURO_SOCIAL,RFC,NOMBRE,APELLIDO_PATERNO,APELLIDO_MATERNO,ID_SUCURSAL)VALUES(58,'11-24-67-1349-0','RAVC900725EQ5','CARLOS ALBERTO','RAMIREZ','VELAZQUEZ',3);
INSERT INTO EMPLEADO_SUCURSAL(ID_CLIENTE,NO_SEGURO_SOCIAL,RFC,NOMBRE,APELLIDO_PATERNO,APELLIDO_MATERNO,ID_SUCURSAL)VALUES(59,'12-09-90-3209-1','HEBA881026CX0','ALEJANDRO','HERNANDEZ','BERMEJO',4);
INSERT INTO EMPLEADO_SUCURSAL(ID_CLIENTE,NO_SEGURO_SOCIAL,RFC,NOMBRE,APELLIDO_PATERNO,APELLIDO_MATERNO,ID_SUCURSAL)VALUES(60,'43-90-21-1099-2','BADJ020930EZ8','JESUS IGNACIO','BAHENA','DEHESA',5);

INSERT INTO MEDICAMENTO_COMPRA(MARCA,NOMBRE,PRECIO,ESPECIALIDAD,ID_COMPRA)VALUES('AMOXIL','Amoxilina',126.50,'No',6);
INSERT INTO MEDICAMENTO_COMPRA(MARCA,NOMBRE,PRECIO,ESPECIALIDAD,ID_COMPRA)VALUES('Bayer','Aspirina',26.00,'No',7);
INSERT INTO MEDICAMENTO_COMPRA(MARCA,NOMBRE,PRECIO,ESPECIALIDAD,ID_COMPRA)VALUES('Voltaren','Diclofenaco',29.00,'No',8);
INSERT INTO MEDICAMENTO_COMPRA(MARCA,NOMBRE,PRECIO,ESPECIALIDAD,ID_COMPRA)VALUES('Ultram','Tramadol',140.00,'No',9);

INSERT INTO MEDICAMENTO_RECETA(MARCA,NOMBRE,PRECIO,ESPECIALIDAD,ID_RECETA)VALUES('AMOXIL','Amoxilina',126.50,'No',1);
INSERT INTO MEDICAMENTO_RECETA(MARCA,NOMBRE,PRECIO,ESPECIALIDAD,ID_RECETA)VALUES('Bayer','Aspirina',26.00,'No',2);
INSERT INTO MEDICAMENTO_RECETA(MARCA,NOMBRE,PRECIO,ESPECIALIDAD,ID_RECETA)VALUES('Voltaren','Diclofenaco',29.00,'No',3);
INSERT INTO MEDICAMENTO_RECETA(MARCA,NOMBRE,PRECIO,ESPECIALIDAD,ID_RECETA)VALUES('Ultram','Tramadol',140.00,'No',4);


INSERT INTO REPARTIDOR_INFO_PERSONAL(NO_SEGURO_SOCIAL,RFC,LICENSIA,VEHICULO,NOMBRE,APELLIDO_PATERNO,APELLIDO_MATERNO)VALUES('22-11-32-1409-7','BALV641005DL4','','Bicicleta','VICTOR MANUEL','BADILLO','LOPEZ');
INSERT INTO REPARTIDOR_INFO_PERSONAL(NO_SEGURO_SOCIAL,RFC,LICENSIA,VEHICULO,NOMBRE,APELLIDO_PATERNO,APELLIDO_MATERNO)VALUES('10-89-34-1167-9','CAVL840115CW3','UTS-345','Motocicleta','LEONARDO ANTONIO','CARMONA','VELAZQUEZ');
INSERT INTO REPARTIDOR_INFO_PERSONAL(NO_SEGURO_SOCIAL,RFC,LICENSIA,VEHICULO,NOMBRE,APELLIDO_PATERNO,APELLIDO_MATERNO)VALUES('11-24-67-1349-0','RAVC900725EQ5','','Bicicleta','CARLOS ALBERTO','RAMIREZ','VELAZQUEZ');
INSERT INTO REPARTIDOR_INFO_PERSONAL(NO_SEGURO_SOCIAL,RFC,LICENSIA,VEHICULO,NOMBRE,APELLIDO_PATERNO,APELLIDO_MATERNO)VALUES('12-09-90-3209-1','HEBA881026CX0','TFH-902','Motocicleta','ALEJANDRO','HERNANDEZ','BERMEJO');
INSERT INTO REPARTIDOR_INFO_PERSONAL(NO_SEGURO_SOCIAL,RFC,LICENSIA,VEHICULO,NOMBRE,APELLIDO_PATERNO,APELLIDO_MATERNO)VALUES('43-90-21-1099-2','BADJ020930EZ8','FGQ-457','Motocicleta','JESUS IGNACIO','BAHENA','DEHESA');

INSERT INTO REPARTIDOR_INFO_CONTACTO(RFC,NOMBRE,APELLIDO_MATERNO,APELLIDO_PATERNO,DIRECCION,CORREO_ELECTRONICO,TELEFONO)VALUES('BALV641005DL4','VICTOR MANUEL','LOPEZ','BADILLO','Direccion26','Correo26@correo.com','(55) 8640-3420');
INSERT INTO REPARTIDOR_INFO_CONTACTO(RFC,NOMBRE,APELLIDO_MATERNO,APELLIDO_PATERNO,DIRECCION,CORREO_ELECTRONICO,TELEFONO)VALUES('CAVL840115CW3','LEONARDO ANTONIO','VELAZQUEZ','CARMONA','Direccion27','Correo27@correo.com','(55) 2808-0365');
INSERT INTO REPARTIDOR_INFO_CONTACTO(RFC,NOMBRE,APELLIDO_MATERNO,APELLIDO_PATERNO,DIRECCION,CORREO_ELECTRONICO,TELEFONO)VALUES('RAVC900725EQ5','CARLOS ALBERTO','VELAZQUEZ','RAMIREZ','Direccion28','Correo28@correo.com','(55) 8636-4191');
INSERT INTO REPARTIDOR_INFO_CONTACTO(RFC,NOMBRE,APELLIDO_MATERNO,APELLIDO_PATERNO,DIRECCION,CORREO_ELECTRONICO,TELEFONO)VALUES('HEBA881026CX0','ALEJANDRO','BERMEJO','HERNANDEZ','Direccion29','Correo29@correo.com','(55) 1404-1507');
INSERT INTO REPARTIDOR_INFO_CONTACTO(RFC,NOMBRE,APELLIDO_MATERNO,APELLIDO_PATERNO,DIRECCION,CORREO_ELECTRONICO,TELEFONO)VALUES('BADJ020930EZ8','JESUS IGNACIO','DEHESA','BAHENA','Direccion30','Correo30@correo.com','(55) 5839-7918');

INSERT INTO REPARTIDOR_INFO_SUCURSAL(NO_SEGURO_SOCIAL,SUCURSAL)VALUES('22-11-32-1409-7',1);
INSERT INTO REPARTIDOR_INFO_SUCURSAL(NO_SEGURO_SOCIAL,SUCURSAL)VALUES('10-89-34-1167-9',2);
INSERT INTO REPARTIDOR_INFO_SUCURSAL(NO_SEGURO_SOCIAL,SUCURSAL)VALUES('11-24-67-1349-0',3);
INSERT INTO REPARTIDOR_INFO_SUCURSAL(NO_SEGURO_SOCIAL,SUCURSAL)VALUES('12-09-90-3209-1',4);
INSERT INTO REPARTIDOR_INFO_SUCURSAL(NO_SEGURO_SOCIAL,SUCURSAL)VALUES('43-90-21-1099-2',5);

INSERT INTO PRODUCTO(Producto)VALUES('Amoxilina');
INSERT INTO PRODUCTO(Producto)VALUES('Aspirina');
INSERT INTO PRODUCTO(Producto)VALUES('Benznidazol');
INSERT INTO PRODUCTO(Producto)VALUES('Diclofenaco');
INSERT INTO PRODUCTO(Producto)VALUES('Naproxeno');
INSERT INTO PRODUCTO(Producto)VALUES('Tramadol');
INSERT INTO PRODUCTO(Producto)VALUES('Ibuprofeno');
INSERT INTO PRODUCTO(Producto)VALUES('Vitamina A');

INSERT INTO COMPRA_PRODUCTO(ID_COMPRA,ID_PRODUCTO)VALUES(6,1);
INSERT INTO COMPRA_PRODUCTO(ID_COMPRA,ID_PRODUCTO)VALUES(7,2);
INSERT INTO COMPRA_PRODUCTO(ID_COMPRA,ID_PRODUCTO)VALUES(8,4);
INSERT INTO COMPRA_PRODUCTO(ID_COMPRA,ID_PRODUCTO)VALUES(9,6);
INSERT INTO COMPRA_PRODUCTO(ID_COMPRA,ID_PRODUCTO)VALUES(10,7);
