INSERT INTO CLIENTE_INFORMACION_CONTACTO (Nombre, Apellido_Materno,Apellido_Paterno, Direccion, Telefono, Correo_Electronico) VALUES ('MARCO ANTONIO','CHAVEZ','CHAVEZ','Direccion1','(55) 1666-7146','Correo1@correo.com');
INSERT INTO CLIENTE_INFORMACION_CONTACTO (Nombre, Apellido_Materno,Apellido_Paterno, Direccion, Telefono, Correo_Electronico) VALUES ('JUAN GERONIMO','HUERTAS','BECERRA','Direccion2','(55) 6193-0597','Correo2@correo.com');
INSERT INTO CLIENTE_INFORMACION_CONTACTO (Nombre, Apellido_Materno,Apellido_Paterno, Direccion, Telefono, Correo_Electronico) VALUES ('ARTURO','LOPEZ','AGUILAR','Direccion3','(55) 3587-7893','Correo3@correo.com');
INSERT INTO CLIENTE_INFORMACION_CONTACTO (Nombre, Apellido_Materno,Apellido_Paterno, Direccion, Telefono, Correo_Electronico) VALUES ('GUILLERMO','SANCHEZ','SALAS','Direccion4','(55) 8755-8643','Correo4@correo.com');
INSERT INTO CLIENTE_INFORMACION_CONTACTO (Nombre, Apellido_Materno,Apellido_Paterno, Direccion, Telefono, Correo_Electronico) VALUES ('DANIEL','VILLAVICENCIO','GONZALEZ','Direccion5','(55) 8923-4828','Correo5@correo.com');
INSERT INTO CLIENTE_INFORMACION_CONTACTO (Nombre, Apellido_Materno,Apellido_Paterno, Direccion, Telefono, Correo_Electronico) VALUES ('ROBERTO','CORTES','BACA','Direccion6','(55) 7095-2507','Correo6@correo.com');
INSERT INTO CLIENTE_INFORMACION_CONTACTO (Nombre, Apellido_Materno,Apellido_Paterno, Direccion, Telefono, Correo_Electronico) VALUES ('ARMANDO ALFREDO','LOPEZ','BASILIO','Direccion7','(55) 1478-4877','Correo7@correo.com');
INSERT INTO CLIENTE_INFORMACION_CONTACTO (Nombre, Apellido_Materno,Apellido_Paterno, Direccion, Telefono, Correo_Electronico) VALUES ('ALEJANDRO','MORALES','MARTINEZ','Direccion8','(55) 9260-5411','Correo8@correo.com');
INSERT INTO CLIENTE_INFORMACION_CONTACTO (Nombre, Apellido_Materno,Apellido_Paterno, Direccion, Telefono, Correo_Electronico) VALUES ('RAUL','PABLO','RODRIGUEZ','Direccion9','(55) 1185-8469','Correo9@correo.com');
INSERT INTO CLIENTE_INFORMACION_CONTACTO (Nombre, Apellido_Materno,Apellido_Paterno, Direccion, Telefono, Correo_Electronico) VALUES ('ADRIAN','PADILLA','ROMAN','Direccion10','(55) 8890-3389','Correo10@correo.com');
INSERT INTO CLIENTE_INFORMACION_CONTACTO (Nombre, Apellido_Materno,Apellido_Paterno, Direccion, Telefono, Correo_Electronico) VALUES ('IVAN FRANCISCO','PEREA','VALADEZ','Direccion11','(55) 8849-0616','Correo11@correo.com');
INSERT INTO CLIENTE_INFORMACION_CONTACTO (Nombre, Apellido_Materno,Apellido_Paterno, Direccion, Telefono, Correo_Electronico) VALUES ('ARMANDO','MADRID','LOZANO','Direccion12','(55) 2831-0712','Correo12@ciencias.com');
INSERT INTO CLIENTE_INFORMACION_CONTACTO (Nombre, Apellido_Materno,Apellido_Paterno, Direccion, Telefono, Correo_Electronico) VALUES ('ROBERTO','BONILLA','NECHA','Direccion13','(55) 0839-2165','Correo13@ciencias.com');
INSERT INTO CLIENTE_INFORMACION_CONTACTO (Nombre, Apellido_Materno,Apellido_Paterno, Direccion, Telefono, Correo_Electronico) VALUES ('ELOY','CARRILLO','VARA','Direccion14','(55) 7179-9028','Correo14@correo.com');
INSERT INTO CLIENTE_INFORMACION_CONTACTO (Nombre, Apellido_Materno,Apellido_Paterno, Direccion, Telefono, Correo_Electronico) VALUES ('JUAN','ARRIAGA','RODRIGUEZ','Direccion15','(55) 0649-0068','Correo15@correo.com');
INSERT INTO CLIENTE_INFORMACION_CONTACTO (Nombre, Apellido_Materno,Apellido_Paterno, Direccion, Telefono, Correo_Electronico) VALUES ('EDUARDO','CORONA','ZEPEDA','Direccion16','(55) 1387-8902','Correo16@correo.com');
INSERT INTO CLIENTE_INFORMACION_CONTACTO (Nombre, Apellido_Materno,Apellido_Paterno, Direccion, Telefono, Correo_Electronico) VALUES ('JUAN JOSE','MARTINEZ','ALVA','Direccion17','(55) 5954-4247','Correo17@correo.com');
INSERT INTO CLIENTE_INFORMACION_CONTACTO (Nombre, Apellido_Materno,Apellido_Paterno, Direccion, Telefono, Correo_Electronico) VALUES ('OSCAR','MEJIA','FLORES','Direccion18','(55) 7822-1555','Correo18@correo.com');
INSERT INTO CLIENTE_INFORMACION_CONTACTO (Nombre, Apellido_Materno,Apellido_Paterno, Direccion, Telefono, Correo_Electronico) VALUES ('JUAN JOSE','NAVARRO','MONTUFAR','Direccion19','(55) 6084-7986','Correo19@correo.com');
INSERT INTO CLIENTE_INFORMACION_CONTACTO (Nombre, Apellido_Materno,Apellido_Paterno, Direccion, Telefono, Correo_Electronico) VALUES ('BENJAMIN','PEREZ','YONEKAWA','Direccion20','(55) 8848-3961','Correo20@correo.com');
INSERT INTO CLIENTE_INFORMACION_CONTACTO (Nombre, Apellido_Materno,Apellido_Paterno, Direccion, Telefono, Correo_Electronico) VALUES ('ALEJANDRO','RODRIGUEZ','CERON','Direccion21','(55) 9556-9070','Correo21@correo.com');
INSERT INTO CLIENTE_INFORMACION_CONTACTO (Nombre, Apellido_Materno,Apellido_Paterno, Direccion, Telefono, Correo_Electronico) VALUES ('SALVADOR','CERVANTES','FRANCO','Direccion22','(55) 2318-4281','Correo22@correo.com');
INSERT INTO CLIENTE_INFORMACION_CONTACTO (Nombre, Apellido_Materno,Apellido_Paterno, Direccion, Telefono, Correo_Electronico) VALUES ('JESUS','SANTIAGO','SEGURA','Direccion23','(55) 0458-9611','Correo23@correo.com');
INSERT INTO CLIENTE_INFORMACION_CONTACTO (Nombre, Apellido_Materno,Apellido_Paterno, Direccion, Telefono, Correo_Electronico) VALUES ('JUAN','RANGEL','SUAREZ','Direccion24','(55) 9554-5989','Correo24@correo.com');
INSERT INTO CLIENTE_INFORMACION_CONTACTO (Nombre, Apellido_Materno,Apellido_Paterno, Direccion, Telefono, Correo_Electronico) VALUES ('ARMANDO','VILLELA','PADRON','Direccion25','(55) 4269-4113','Correo25@correo.com');
INSERT INTO CLIENTE_INFORMACION_CONTACTO (Nombre, Apellido_Materno,Apellido_Paterno, Direccion, Telefono, Correo_Electronico) VALUES ('VICTOR MANUEL','LOPEZ','BADILLO','Direccion26','(55) 8640-3420','Correo26@correo.com');
INSERT INTO CLIENTE_INFORMACION_CONTACTO (Nombre, Apellido_Materno,Apellido_Paterno, Direccion, Telefono, Correo_Electronico) VALUES ('LEONARDO ANTONIO','VELAZQUEZ','CARMONA','Direccion27','(55) 2808-0365','Correo27@correo.com');
INSERT INTO CLIENTE_INFORMACION_CONTACTO (Nombre, Apellido_Materno,Apellido_Paterno, Direccion, Telefono, Correo_Electronico) VALUES ('CARLOS ALBERTO','VELAZQUEZ','RAMIREZ','Direccion28','(55) 8636-4191','Correo28@correo.com');
INSERT INTO CLIENTE_INFORMACION_CONTACTO (Nombre, Apellido_Materno,Apellido_Paterno, Direccion, Telefono, Correo_Electronico) VALUES ('ALEJANDRO','BERMEJO','HERNANDEZ','Direccion29','(55) 1404-1507','Correo29@correo.com');
INSERT INTO CLIENTE_INFORMACION_CONTACTO (Nombre, Apellido_Materno,Apellido_Paterno, Direccion, Telefono, Correo_Electronico) VALUES ('JESUS IGNACIO','DEHESA','BAHENA','Direccion30','(55) 5839-7918','Correo30@correo.com');
INSERT INTO CLIENTE_INFORMACION_CONTACTO (Nombre, Apellido_Materno,Apellido_Paterno, Direccion, Telefono, Correo_Electronico) VALUES ('ROBERTO','DIAZ','MEJIA','Direccion31','(55) 4156-7454','Correo31@correo.com');
INSERT INTO CLIENTE_INFORMACION_CONTACTO (Nombre, Apellido_Materno,Apellido_Paterno, Direccion, Telefono, Correo_Electronico) VALUES ('AGUSTIN','PEREZ','GALINDO','Direccion32','(55) 8141-8585','Correo32@correo.com');
INSERT INTO CLIENTE_INFORMACION_CONTACTO (Nombre, Apellido_Materno,Apellido_Paterno, Direccion, Telefono, Correo_Electronico) VALUES ('FREDY','MATEO','CRESCENCIO','Direccion33','(55) 1928-5222','Correo33@correo.com');
INSERT INTO CLIENTE_INFORMACION_CONTACTO (Nombre, Apellido_Materno,Apellido_Paterno, Direccion, Telefono, Correo_Electronico) VALUES ('LUIS ARTURO','BALDENEBRO','SALGADO','Direccion34','(55) 9093-6409','Correo34@correo.com');
INSERT INTO CLIENTE_INFORMACION_CONTACTO (Nombre, Apellido_Materno,Apellido_Paterno, Direccion, Telefono, Correo_Electronico) VALUES ('RAUL','GONZALEZ','LOPEZ','Direccion35','(55) 3100-7132','Correo35@correo.com');
INSERT INTO CLIENTE_INFORMACION_CONTACTO (Nombre, Apellido_Materno,Apellido_Paterno, Direccion, Telefono, Correo_Electronico) VALUES ('ALEJANDRO','BLANCAS','LOPEZ','Direccion36','(55) 5343-5593','Correo36@correo.com');
INSERT INTO CLIENTE_INFORMACION_CONTACTO (Nombre, Apellido_Materno,Apellido_Paterno, Direccion, Telefono, Correo_Electronico) VALUES ('SALVADOR','FUENTES','LORENZO','Direccion37','(55) 9590-1116','Correo37@correo.com');
INSERT INTO CLIENTE_INFORMACION_CONTACTO (Nombre, Apellido_Materno,Apellido_Paterno, Direccion, Telefono, Correo_Electronico) VALUES ('CARLOS','ANGELES','MONROY','Direccion38','(55) 4849-8074','Correo38@correo.com');
INSERT INTO CLIENTE_INFORMACION_CONTACTO (Nombre, Apellido_Materno,Apellido_Paterno, Direccion, Telefono, Correo_Electronico) VALUES ('JAIME ALBERTO','CAMPOS','MONJARAZ','Direccion39','(55) 0353-7554','Correo39@correo.com');
INSERT INTO CLIENTE_INFORMACION_CONTACTO (Nombre, Apellido_Materno,Apellido_Paterno, Direccion, Telefono, Correo_Electronico) VALUES ('JOSE ALFREDO','GARCIA','CORNEJO','Direccion40','(55) 0391-1507','Correo40@correo.com');
INSERT INTO CLIENTE_INFORMACION_CONTACTO (Nombre, Apellido_Materno,Apellido_Paterno, Direccion, Telefono, Correo_Electronico) VALUES ('EDMUNDO','PENILLA','CERVANTES','Direccion41','(55) 4746-1189','Correo41@correo.com');
INSERT INTO CLIENTE_INFORMACION_CONTACTO (Nombre, Apellido_Materno,Apellido_Paterno, Direccion, Telefono, Correo_Electronico) VALUES ('MIGUEL ANGEL','PICHARDO','ROJAS','Direccion42','(55) 0977-0593','Correo42@correo.com');
INSERT INTO CLIENTE_INFORMACION_CONTACTO (Nombre, Apellido_Materno,Apellido_Paterno, Direccion, Telefono, Correo_Electronico) VALUES ('ISMAEL','URQUIZA','RUBIO','Direccion43','(55) 6347-0170','Correo43@correo.com');
INSERT INTO CLIENTE_INFORMACION_CONTACTO (Nombre, Apellido_Materno,Apellido_Paterno, Direccion, Telefono, Correo_Electronico) VALUES ('JOSE LUIS','URQUIZA','RUBIO','Direccion44','(55) 6585-8339','Correo44@correo.com');
INSERT INTO CLIENTE_INFORMACION_CONTACTO (Nombre, Apellido_Materno,Apellido_Paterno, Direccion, Telefono, Correo_Electronico) VALUES ('ROBERTO','LOPEZ','CASTILLO','Direccion45','(55) 7218-5326','Correo45@correo.com');
INSERT INTO CLIENTE_INFORMACION_CONTACTO (Nombre, Apellido_Materno,Apellido_Paterno, Direccion, Telefono, Correo_Electronico) VALUES ('JUAN CIRILO','MENDOZA','MEJIA','Direccion46','(55) 1274-7785','Correo46@correo.com');
INSERT INTO CLIENTE_INFORMACION_CONTACTO (Nombre, Apellido_Materno,Apellido_Paterno, Direccion, Telefono, Correo_Electronico) VALUES ('JOSE MANUEL','AGUILAR','FLORES','Direccion47','(55) 9684-7902','Correo47@correo.com');
INSERT INTO CLIENTE_INFORMACION_CONTACTO (Nombre, Apellido_Materno,Apellido_Paterno, Direccion, Telefono, Correo_Electronico) VALUES ('MARCELO MARTIN','ALVAREZ','EUFRACIO','Direccion48','(55) 8023-0741','Correo48@correo.com');
INSERT INTO CLIENTE_INFORMACION_CONTACTO (Nombre, Apellido_Materno,Apellido_Paterno, Direccion, Telefono, Correo_Electronico) VALUES ('JOSE EDUARDO','BARRIGA','SANCHEZ','Direccion49','(55) 4113-5186','Correo49@correo.com');
INSERT INTO CLIENTE_INFORMACION_CONTACTO (Nombre, Apellido_Materno,Apellido_Paterno, Direccion, Telefono, Correo_Electronico) VALUES ('CESAR ADRIAN','CAMACHO','SANCHEZ','Direccion50','(55) 7849-5236','Correo50@correo.com');


INSERT INTO CLIENTE_INFORMACION_PERSONAL (Nombre, Apellido_Materno,Apellido_Paterno) VALUES ('MARCO ANTONIO','CHAVEZ','CHAVEZ');
INSERT INTO CLIENTE_INFORMACION_PERSONAL (Nombre, Apellido_Materno,Apellido_Paterno) VALUES ('JUAN GERONIMO','HUERTAS','BECERRA');
INSERT INTO CLIENTE_INFORMACION_PERSONAL (Nombre, Apellido_Materno,Apellido_Paterno) VALUES ('ARTURO','LOPEZ','AGUILAR');
INSERT INTO CLIENTE_INFORMACION_PERSONAL (Nombre, Apellido_Materno,Apellido_Paterno) VALUES ('GUILLERMO','SANCHEZ','SALAS');
INSERT INTO CLIENTE_INFORMACION_PERSONAL (Nombre, Apellido_Materno,Apellido_Paterno) VALUES ('DANIEL','VILLAVICENCIO','GONZALEZ');
INSERT INTO CLIENTE_INFORMACION_PERSONAL (Nombre, Apellido_Materno,Apellido_Paterno) VALUES ('ROBERTO','CORTES','BACA');
INSERT INTO CLIENTE_INFORMACION_PERSONAL (Nombre, Apellido_Materno,Apellido_Paterno) VALUES ('ARMANDO ALFREDO','LOPEZ','BASILIO');
INSERT INTO CLIENTE_INFORMACION_PERSONAL (Nombre, Apellido_Materno,Apellido_Paterno) VALUES ('ALEJANDRO','MORALES','MARTINEZ');
INSERT INTO CLIENTE_INFORMACION_PERSONAL (Nombre, Apellido_Materno,Apellido_Paterno) VALUES ('RAUL','PABLO','RODRIGUEZ');
INSERT INTO CLIENTE_INFORMACION_PERSONAL (Nombre, Apellido_Materno,Apellido_Paterno) VALUES ('ADRIAN','PADILLA','ROMAN');
INSERT INTO CLIENTE_INFORMACION_PERSONAL (Nombre, Apellido_Materno,Apellido_Paterno) VALUES ('IVAN FRANCISCO','PEREA','VALADEZ');
INSERT INTO CLIENTE_INFORMACION_PERSONAL (Nombre, Apellido_Materno,Apellido_Paterno) VALUES ('ARMANDO','MADRID','LOZANO');
INSERT INTO CLIENTE_INFORMACION_PERSONAL (Nombre, Apellido_Materno,Apellido_Paterno) VALUES ('ROBERTO','BONILLA','NECHA');
INSERT INTO CLIENTE_INFORMACION_PERSONAL (Nombre, Apellido_Materno,Apellido_Paterno) VALUES ('ELOY','CARRILLO','VARA');
INSERT INTO CLIENTE_INFORMACION_PERSONAL (Nombre, Apellido_Materno,Apellido_Paterno) VALUES ('JUAN','ARRIAGA','RODRIGUEZ');
INSERT INTO CLIENTE_INFORMACION_PERSONAL (Nombre, Apellido_Materno,Apellido_Paterno) VALUES ('EDUARDO','CORONA','ZEPEDA');
INSERT INTO CLIENTE_INFORMACION_PERSONAL (Nombre, Apellido_Materno,Apellido_Paterno) VALUES ('JUAN JOSE','MARTINEZ');
INSERT INTO CLIENTE_INFORMACION_PERSONAL (Nombre, Apellido_Materno,Apellido_Paterno) VALUES ('OSCAR','MEJIA','FLORES');
INSERT INTO CLIENTE_INFORMACION_PERSONAL (Nombre, Apellido_Materno,Apellido_Paterno) VALUES ('JUAN JOSE','NAVARRO','MONTUFAR');
INSERT INTO CLIENTE_INFORMACION_PERSONAL (Nombre, Apellido_Materno,Apellido_Paterno) VALUES ('BENJAMIN','PEREZ','YONEKAWA');
INSERT INTO CLIENTE_INFORMACION_PERSONAL (Nombre, Apellido_Materno,Apellido_Paterno) VALUES ('ALEJANDRO','RODRIGUEZ','CERON');
INSERT INTO CLIENTE_INFORMACION_PERSONAL (Nombre, Apellido_Materno,Apellido_Paterno) VALUES ('JESUS','SANTIAGO','SEGURA');
INSERT INTO CLIENTE_INFORMACION_PERSONAL (Nombre, Apellido_Materno,Apellido_Paterno) VALUES ('JUAN','RANGEL','SUAREZ');
INSERT INTO CLIENTE_INFORMACION_PERSONAL (Nombre, Apellido_Materno,Apellido_Paterno) VALUES ('ARMANDO','VILLELA','PADRON');
INSERT INTO CLIENTE_INFORMACION_PERSONAL (Nombre, Apellido_Materno,Apellido_Paterno) VALUES ('VICTOR MANUEL','LOPEZ','BADILLO');
INSERT INTO CLIENTE_INFORMACION_PERSONAL (Nombre, Apellido_Materno,Apellido_Paterno) VALUES ('LEONARDO ANTONIO','VELAZQUEZ','CARMONA');
INSERT INTO CLIENTE_INFORMACION_PERSONAL (Nombre, Apellido_Materno,Apellido_Paterno) VALUES ('CARLOS ALBERTO','VELAZQUEZ','RAMIREZ');
INSERT INTO CLIENTE_INFORMACION_PERSONAL (Nombre, Apellido_Materno,Apellido_Paterno) VALUES ('ALEJANDRO','BERMEJO','HERNANDEZ');
INSERT INTO CLIENTE_INFORMACION_PERSONAL (Nombre, Apellido_Materno,Apellido_Paterno) VALUES ('JESUS IGNACIO','DEHESA','BAHENA');
INSERT INTO CLIENTE_INFORMACION_PERSONAL (Nombre, Apellido_Materno,Apellido_Paterno) VALUES ('ROBERTO','DIAZ','MEJIA');
INSERT INTO CLIENTE_INFORMACION_PERSONAL (Nombre, Apellido_Materno,Apellido_Paterno) VALUES ('AGUSTIN','PEREZ','GALINDO');
INSERT INTO CLIENTE_INFORMACION_PERSONAL (Nombre, Apellido_Materno,Apellido_Paterno) VALUES ('FREDY','MATEO','CRESCENCIO');
INSERT INTO CLIENTE_INFORMACION_PERSONAL (Nombre, Apellido_Materno,Apellido_Paterno) VALUES ('LUIS ARTURO','BALDENEBRO','SALGADO');
INSERT INTO CLIENTE_INFORMACION_PERSONAL (Nombre, Apellido_Materno,Apellido_Paterno) VALUES ('RAUL','GONZALEZ','LOPEZ');
INSERT INTO CLIENTE_INFORMACION_PERSONAL (Nombre, Apellido_Materno,Apellido_Paterno) VALUES ('ALEJANDRO','BLANCAS','LOPEZ');
INSERT INTO CLIENTE_INFORMACION_PERSONAL (Nombre, Apellido_Materno,Apellido_Paterno) VALUES ('SALVADOR','FUENTES','LORENZO');
INSERT INTO CLIENTE_INFORMACION_PERSONAL (Nombre, Apellido_Materno,Apellido_Paterno) VALUES ('CARLOS','ANGELES','MONROY');
INSERT INTO CLIENTE_INFORMACION_PERSONAL (Nombre, Apellido_Materno,Apellido_Paterno) VALUES ('JAIME ALBERTO','CAMPOS','MONJARAZ');
INSERT INTO CLIENTE_INFORMACION_PERSONAL (Nombre, Apellido_Materno,Apellido_Paterno) VALUES ('JOSE ALFREDO','GARCIA','CORNEJO');
INSERT INTO CLIENTE_INFORMACION_PERSONAL (Nombre, Apellido_Materno,Apellido_Paterno) VALUES ('EDMUNDO','PENILLA','CERVANTES');
INSERT INTO CLIENTE_INFORMACION_PERSONAL (Nombre, Apellido_Materno,Apellido_Paterno) VALUES ('MIGUEL ANGEL','PICHARDO','ROJAS');
INSERT INTO CLIENTE_INFORMACION_PERSONAL (Nombre, Apellido_Materno,Apellido_Paterno) VALUES ('ISMAEL','URQUIZA','RUBIO');
INSERT INTO CLIENTE_INFORMACION_PERSONAL (Nombre, Apellido_Materno,Apellido_Paterno) VALUES ('JOSE LUIS','URQUIZA','RUBIO');
INSERT INTO CLIENTE_INFORMACION_PERSONAL (Nombre, Apellido_Materno,Apellido_Paterno) VALUES ('ROBERTO','LOPEZ','CASTILLO');
INSERT INTO CLIENTE_INFORMACION_PERSONAL (Nombre, Apellido_Materno,Apellido_Paterno) VALUES ('JUAN CIRILO','MENDOZA','MEJIA');
INSERT INTO CLIENTE_INFORMACION_PERSONAL (Nombre, Apellido_Materno,Apellido_Paterno) VALUES ('JOSE MANUEL','AGUILAR','FLORES');
INSERT INTO CLIENTE_INFORMACION_PERSONAL (Nombre, Apellido_Materno,Apellido_Paterno) VALUES ('MARCELO MARTIN','ALVAREZ','EUFRACIO');
INSERT INTO CLIENTE_INFORMACION_PERSONAL (Nombre, Apellido_Materno,Apellido_Paterno) VALUES ('JOSE EDUARDO','BARRIGA','SANCHEZ');
INSERT INTO CLIENTE_INFORMACION_PERSONAL (Nombre, Apellido_Materno,Apellido_Paterno) VALUES ('CESAR ADRIAN','CAMACHO','SANCHEZ');


INSERT INTO EMPLEADO_INFORMACION_CONTACTO (RFC,Nombre, Apellido_Materno,Apellido_Paterno, Direccion, Correo_Electronico, Telefono) VALUES ('CACM731105H8A','MARCO ANTONIO','CHAVEZ','CHAVEZ','Direccion1','Correo1@correo.com','(55) 1666-7146');
INSERT INTO EMPLEADO_INFORMACION_CONTACTO (RFC,Nombre, Apellido_Materno,Apellido_Paterno, Direccion, Correo_Electronico, Telefono) VALUES ('BEHJ8807044Q9','JUAN GERONIMO','HUERTAS','BECERRA','Direccion2','Correo2@correo.com','(55) 6193-0597');
INSERT INTO EMPLEADO_INFORMACION_CONTACTO (RFC,Nombre, Apellido_Materno,Apellido_Paterno, Direccion, Correo_Electronico, Telefono) VALUES ('AULA0804095B7','ARTURO','LOPEZ','AGUILAR','Direccion3','Correo3@correo.com','(55) 3587-7893');
INSERT INTO EMPLEADO_INFORMACION_CONTACTO (RFC,Nombre, Apellido_Materno,Apellido_Paterno, Direccion, Correo_Electronico, Telefono) VALUES ('SASG850327IF4','GUILLERMO','SANCHEZ','SALAS','Direccion4','Correo4@correo.com','(55) 8755-8643');
INSERT INTO EMPLEADO_INFORMACION_CONTACTO (RFC,Nombre, Apellido_Materno,Apellido_Paterno, Direccion, Correo_Electronico, Telefono) VALUES ('GOVD501011676','DANIEL','VILLAVICENCIO','GONZALEZ','Direccion5','Correo5@correo.com','(55) 8923-4828');
INSERT INTO EMPLEADO_INFORMACION_CONTACTO (RFC,Nombre, Apellido_Materno,Apellido_Paterno, Direccion, Correo_Electronico, Telefono) VALUES ('BACR9206298D9','ROBERTO','CORTES','BACA','Direccion6','Correo6@correo.com','(55) 7095-2507');
INSERT INTO EMPLEADO_INFORMACION_CONTACTO (RFC,Nombre, Apellido_Materno,Apellido_Paterno, Direccion, Correo_Electronico, Telefono) VALUES ('BALA000112KJ4','ARMANDO ALFREDO','LOPEZ','BASILIO','Direccion7','Correo7@correo.com','(55) 1478-4877');
INSERT INTO EMPLEADO_INFORMACION_CONTACTO (RFC,Nombre, Apellido_Materno,Apellido_Paterno, Direccion, Correo_Electronico, Telefono) VALUES ('MAMA870826G14','ALEJANDRO','MORALES','MARTINEZ','Direccion8','Correo8@correo.com','(55) 9260-5411');
INSERT INTO EMPLEADO_INFORMACION_CONTACTO (RFC,Nombre, Apellido_Materno,Apellido_Paterno, Direccion, Correo_Electronico, Telefono) VALUES ('ROPR030923R99','RAUL','PABLO','RODRIGUEZ','Direccion9','Correo9@correo.com','(55) 1185-8469');
INSERT INTO EMPLEADO_INFORMACION_CONTACTO (RFC,Nombre, Apellido_Materno,Apellido_Paterno, Direccion, Correo_Electronico, Telefono) VALUES ('ROPA980408TT7','ADRIAN','PADILLA','ROMAN','Direccion10','Correo10@correo.com','(55) 8890-3389');
INSERT INTO EMPLEADO_INFORMACION_CONTACTO (RFC,Nombre, Apellido_Materno,Apellido_Paterno, Direccion, Correo_Electronico, Telefono) VALUES ('VAPI670210FG4','IVAN FRANCISCO','PEREA','VALADEZ','Direccion11','Correo11@correo.com','(55) 8849-0616');
INSERT INTO EMPLEADO_INFORMACION_CONTACTO (RFC,Nombre, Apellido_Materno,Apellido_Paterno, Direccion, Correo_Electronico, Telefono) VALUES ('LOMA811207E13','ARMANDO','MADRID','LOZANO','Direccion12','Correo12@ciencias.com','(55) 2831-0712');
INSERT INTO EMPLEADO_INFORMACION_CONTACTO (RFC,Nombre, Apellido_Materno,Apellido_Paterno, Direccion, Correo_Electronico, Telefono) VALUES ('NEBR970722FA3','ROBERTO','BONILLA','NECHA','Direccion13','Correo13@ciencias.com','(55) 0839-2165');
INSERT INTO EMPLEADO_INFORMACION_CONTACTO (RFC,Nombre, Apellido_Materno,Apellido_Paterno, Direccion, Correo_Electronico, Telefono) VALUES ('NECE600421SZ0','ELOY','CARRILLO','VARA','Direccion14','Correo14@correo.com','(55) 7179-9028');
INSERT INTO EMPLEADO_INFORMACION_CONTACTO (RFC,Nombre, Apellido_Materno,Apellido_Paterno, Direccion, Correo_Electronico, Telefono) VALUES ('ROAJ10102782A','JUAN','ARRIAGA','RODRIGUEZ','Direccion15','Correo15@correo.com','(55) 0649-0068');
INSERT INTO EMPLEADO_INFORMACION_CONTACTO (RFC,Nombre, Apellido_Materno,Apellido_Paterno, Direccion, Correo_Electronico, Telefono) VALUES ('ZECE770221IF7','EDUARDO','CORONA','ZEPEDA','Direccion16','Correo16@correo.com','(55) 1387-8902');
INSERT INTO EMPLEADO_INFORMACION_CONTACTO (RFC,Nombre, Apellido_Materno,Apellido_Paterno, Direccion, Correo_Electronico, Telefono) VALUES ('AAMJ470808BJA','JUAN JOSE','MARTINEZ','ALVA','Direccion17','Correo17@correo.com','(55) 5954-4247');
INSERT INTO EMPLEADO_INFORMACION_CONTACTO (RFC,Nombre, Apellido_Materno,Apellido_Paterno, Direccion, Correo_Electronico, Telefono) VALUES ('FOMO820217LV7','OSCAR','MEJIA','FLORES','Direccion18','Correo18@correo.com','(55) 7822-1555');
INSERT INTO EMPLEADO_INFORMACION_CONTACTO (RFC,Nombre, Apellido_Materno,Apellido_Paterno, Direccion, Correo_Electronico, Telefono) VALUES ('MONJ941004311','JUAN JOSE','NAVARRO','MONTUFAR','Direccion19','Correo19@correo.com','(55) 6084-7986');
INSERT INTO EMPLEADO_INFORMACION_CONTACTO (RFC,Nombre, Apellido_Materno,Apellido_Paterno, Direccion, Correo_Electronico, Telefono) VALUES ('YOPB8305151Z9','BENJAMIN','PEREZ','YONEKAWA','Direccion20','Correo20@correo.com','(55) 8848-3961');
INSERT INTO EMPLEADO_INFORMACION_CONTACTO (RFC,Nombre, Apellido_Materno,Apellido_Paterno, Direccion, Correo_Electronico, Telefono) VALUES ('CERA601225T26','ALEJANDRO','RODRIGUEZ','CERON','Direccion21','Correo21@correo.com','(55) 9556-9070');
INSERT INTO EMPLEADO_INFORMACION_CONTACTO (RFC,Nombre, Apellido_Materno,Apellido_Paterno, Direccion, Correo_Electronico, Telefono) VALUES ('FACS9107181Y1','SALVADOR','CERVANTES','FRANCO','Direccion22','Correo22@correo.com','(55) 2318-4281');
INSERT INTO EMPLEADO_INFORMACION_CONTACTO (RFC,Nombre, Apellido_Materno,Apellido_Paterno, Direccion, Correo_Electronico, Telefono) VALUES ('SESJ0206034I0','JESUS','SANTIAGO','SEGURA','Direccion23','Correo23@correo.com','(55) 0458-9611');
INSERT INTO EMPLEADO_INFORMACION_CONTACTO (RFC,Nombre, Apellido_Materno,Apellido_Paterno, Direccion, Correo_Electronico, Telefono) VALUES ('SURJ910815LIA','JUAN','RANGEL','SUAREZ','Direccion24','Correo24@correo.com','(55) 9554-5989');
INSERT INTO EMPLEADO_INFORMACION_CONTACTO (RFC,Nombre, Apellido_Materno,Apellido_Paterno, Direccion, Correo_Electronico, Telefono) VALUES ('PAVA950908G52','ARMANDO','VILLELA','PADRON','Direccion25','Correo25@correo.com','(55) 4269-4113');
INSERT INTO EMPLEADO_INFORMACION_CONTACTO (RFC,Nombre, Apellido_Materno,Apellido_Paterno, Direccion, Correo_Electronico, Telefono) VALUES ('BALV641005DL4','VICTOR MANUEL','LOPEZ','BADILLO','Direccion26','Correo26@correo.com','(55) 8640-3420');
INSERT INTO EMPLEADO_INFORMACION_CONTACTO (RFC,Nombre, Apellido_Materno,Apellido_Paterno, Direccion, Correo_Electronico, Telefono) VALUES ('CAVL840115CW3','LEONARDO ANTONIO','VELAZQUEZ','CARMONA','Direccion27','Correo27@correo.com','(55) 2808-0365');
INSERT INTO EMPLEADO_INFORMACION_CONTACTO (RFC,Nombre, Apellido_Materno,Apellido_Paterno, Direccion, Correo_Electronico, Telefono) VALUES ('RAVC900725EQ5','CARLOS ALBERTO','VELAZQUEZ','RAMIREZ','Direccion28','Correo28@correo.com','(55) 8636-4191');
INSERT INTO EMPLEADO_INFORMACION_CONTACTO (RFC,Nombre, Apellido_Materno,Apellido_Paterno, Direccion, Correo_Electronico, Telefono) VALUES ('HEBA881026CX0','ALEJANDRO','BERMEJO','HERNANDEZ','Direccion29','Correo29@correo.com','(55) 1404-1507');
INSERT INTO EMPLEADO_INFORMACION_CONTACTO (RFC,Nombre, Apellido_Materno,Apellido_Paterno, Direccion, Correo_Electronico, Telefono) VALUES ('BADJ020930EZ8','JESUS IGNACIO','DEHESA','BAHENA','Direccion30','Correo30@correo.com','(55) 5839-7918');


INSERT INTO EMPLEADO_INFORMACION_PERSONAL (NO_SEGURO_SOCIAL,RFC,Nombre, Apellido_Paterno, Apellido_Materno) VALUES ('12-34-56-7890-0','CACM731105H8A','MARCO ANTONIO','CHAVEZ','CHAVEZ');
INSERT INTO EMPLEADO_INFORMACION_PERSONAL (NO_SEGURO_SOCIAL,RFC,Nombre, Apellido_Paterno, Apellido_Materno) VALUES ('13-45-67-3456-7','BEHJ8807044Q9','JUAN GERONIMO','BECERRA','HUERTAS');
INSERT INTO EMPLEADO_INFORMACION_PERSONAL (NO_SEGURO_SOCIAL,RFC,Nombre, Apellido_Paterno, Apellido_Materno) VALUES ('16-34-89-2367-1','AULA0804095B7','ARTURO','AGUILAR','LOPEZ');
INSERT INTO EMPLEADO_INFORMACION_PERSONAL (NO_SEGURO_SOCIAL,RFC,Nombre, Apellido_Paterno, Apellido_Materno) VALUES ('13-45-61-4689-3','SASG850327IF4','GUILLERMO','SALAS','SANCHEZ');
INSERT INTO EMPLEADO_INFORMACION_PERSONAL (NO_SEGURO_SOCIAL,RFC,Nombre, Apellido_Paterno, Apellido_Materno) VALUES ('19-45-78-1256-6','GOVD501011676','DANIEL','GONZALEZ','VILLAVICENCIO');
INSERT INTO EMPLEADO_INFORMACION_PERSONAL (NO_SEGURO_SOCIAL,RFC,Nombre, Apellido_Paterno, Apellido_Materno) VALUES ('12-67-90-1256-5','BACR9206298D9','ROBERTO','BACA','CORTES');
INSERT INTO EMPLEADO_INFORMACION_PERSONAL (NO_SEGURO_SOCIAL,RFC,Nombre, Apellido_Paterno, Apellido_Materno) VALUES ('11-56-90-0931-1','BALA000112KJ4','ARMANDO ALFREDO','BASILIO','LOPEZ');
INSERT INTO EMPLEADO_INFORMACION_PERSONAL (NO_SEGURO_SOCIAL,RFC,Nombre, Apellido_Paterno, Apellido_Materno) VALUES ('14-56-89-3112-4','MAMA870826G14','ALEJANDRO','MARTINEZ','MORALES');
INSERT INTO EMPLEADO_INFORMACION_PERSONAL (NO_SEGURO_SOCIAL,RFC,Nombre, Apellido_Paterno, Apellido_Materno) VALUES ('18-23-56-6134-1','ROPR030923R99','RAUL','RODRIGUEZ','PABLO');
INSERT INTO EMPLEADO_INFORMACION_PERSONAL (NO_SEGURO_SOCIAL,RFC,Nombre, Apellido_Paterno, Apellido_Materno) VALUES ('14-78-41-6532-0','ROPA980408TT7','ADRIAN','ROMAN','PADILLA');
INSERT INTO EMPLEADO_INFORMACION_PERSONAL (NO_SEGURO_SOCIAL,RFC,Nombre, Apellido_Paterno, Apellido_Materno) VALUES ('14-35-63-1256-3','VAPI670210FG4','IVAN FRANCISCO','VALADEZ','PEREA');
INSERT INTO EMPLEADO_INFORMACION_PERSONAL (NO_SEGURO_SOCIAL,RFC,Nombre, Apellido_Paterno, Apellido_Materno) VALUES ('35-23-53-5234-7','LOMA811207E13','ARMANDO','LOZANO','MADRID');
INSERT INTO EMPLEADO_INFORMACION_PERSONAL (NO_SEGURO_SOCIAL,RFC,Nombre, Apellido_Paterno, Apellido_Materno) VALUES ('34-52-56-7534-2','NEBR970722FA3','ROBERTO','NECHA','BONILLA');
INSERT INTO EMPLEADO_INFORMACION_PERSONAL (NO_SEGURO_SOCIAL,RFC,Nombre, Apellido_Paterno, Apellido_Materno) VALUES ('34-32-54-6464-5','NECE600421SZ0','ELOY','VARA','CARRILLO');
INSERT INTO EMPLEADO_INFORMACION_PERSONAL (NO_SEGURO_SOCIAL,RFC,Nombre, Apellido_Paterno, Apellido_Materno) VALUES ('31-54-54-6541-4','ROAJ10102782A','JUAN','RODRIGUEZ','ARRIAGA');
INSERT INTO EMPLEADO_INFORMACION_PERSONAL (NO_SEGURO_SOCIAL,RFC,Nombre, Apellido_Paterno, Apellido_Materno) VALUES ('45-32-45-4572-4','ZECE770221IF7','EDUARDO','ZEPEDA','CORONA');
INSERT INTO EMPLEADO_INFORMACION_PERSONAL (NO_SEGURO_SOCIAL,RFC,Nombre, Apellido_Paterno, Apellido_Materno) VALUES ('12-33-54-4523-5','AAMJ470808BJA','JUAN JOSE','ALVA','MARTINEZ');
INSERT INTO EMPLEADO_INFORMACION_PERSONAL (NO_SEGURO_SOCIAL,RFC,Nombre, Apellido_Paterno, Apellido_Materno) VALUES ('32-35-52-1203-5','FOMO820217LV7','OSCAR','FLORES','MEJIA');
INSERT INTO EMPLEADO_INFORMACION_PERSONAL (NO_SEGURO_SOCIAL,RFC,Nombre, Apellido_Paterno, Apellido_Materno) VALUES ('12-45-78-5423-6','MONJ941004311','JUAN JOSE','MONTUFAR','NAVARRO');
INSERT INTO EMPLEADO_INFORMACION_PERSONAL (NO_SEGURO_SOCIAL,RFC,Nombre, Apellido_Paterno, Apellido_Materno) VALUES ('23-56-86-2323-7','YOPB8305151Z9','BENJAMIN','YONEKAWA','PEREZ');
INSERT INTO EMPLEADO_INFORMACION_PERSONAL (NO_SEGURO_SOCIAL,RFC,Nombre, Apellido_Paterno, Apellido_Materno) VALUES ('21-45-32-4565-1','CERA601225T26','ALEJANDRO','CERON','RODRIGUEZ');
INSERT INTO EMPLEADO_INFORMACION_PERSONAL (NO_SEGURO_SOCIAL,RFC,Nombre, Apellido_Paterno, Apellido_Materno) VALUES ('21-45-64-4121-3','FACS9107181Y1','SALVADOR','FRANCO','CERVANTES');
INSERT INTO EMPLEADO_INFORMACION_PERSONAL (NO_SEGURO_SOCIAL,RFC,Nombre, Apellido_Paterno, Apellido_Materno) VALUES ('21-43-42-5632-3','SESJ0206034I0','JESUS','SEGURA','SANTIAGO');
INSERT INTO EMPLEADO_INFORMACION_PERSONAL (NO_SEGURO_SOCIAL,RFC,Nombre, Apellido_Paterno, Apellido_Materno) VALUES ('32-12-42-3221-4','SURJ910815LIA','JUAN','SUAREZ','RANGEL');
INSERT INTO EMPLEADO_INFORMACION_PERSONAL (NO_SEGURO_SOCIAL,RFC,Nombre, Apellido_Paterno, Apellido_Materno) VALUES ('43-32-32-1209-5','PAVA950908G52','ARMANDO','PADRON','VILLELA');
INSERT INTO EMPLEADO_INFORMACION_PERSONAL (NO_SEGURO_SOCIAL,RFC,Nombre, Apellido_Paterno, Apellido_Materno) VALUES ('22-11-32-1409-7','BALV641005DL4','VICTOR MANUEL','BADILLO','LOPEZ');
INSERT INTO EMPLEADO_INFORMACION_PERSONAL (NO_SEGURO_SOCIAL,RFC,Nombre, Apellido_Paterno, Apellido_Materno) VALUES ('10-89-34-1167-9','CAVL840115CW3','LEONARDO ANTONIO','CARMONA','VELAZQUEZ');
INSERT INTO EMPLEADO_INFORMACION_PERSONAL (NO_SEGURO_SOCIAL,RFC,Nombre, Apellido_Paterno, Apellido_Materno) VALUES ('11-24-67-1349-0','RAVC900725EQ5','CARLOS ALBERTO','RAMIREZ','VELAZQUEZ');
INSERT INTO EMPLEADO_INFORMACION_PERSONAL (NO_SEGURO_SOCIAL,RFC,Nombre, Apellido_Paterno, Apellido_Materno) VALUES ('12-09-90-3209-1','HEBA881026CX0','ALEJANDRO','HERNANDEZ','BERMEJO');
INSERT INTO EMPLEADO_INFORMACION_PERSONAL (NO_SEGURO_SOCIAL,RFC,Nombre, Apellido_Paterno, Apellido_Materno) VALUES ('43-90-21-1099-2','BADJ020930EZ8','JESUS IGNACIO','BAHENA','DEHESA');


INSERT INTO EMPLEADO_INFORMACION_SUCURSAL (NO_SEGURO_SOCIAL) VALUES ('12-34-56-7890-0',1);
INSERT INTO EMPLEADO_INFORMACION_SUCURSAL (NO_SEGURO_SOCIAL) VALUES ('13-45-67-3456-7',2);
INSERT INTO EMPLEADO_INFORMACION_SUCURSAL (NO_SEGURO_SOCIAL) VALUES ('16-34-89-2367-1',3);
INSERT INTO EMPLEADO_INFORMACION_SUCURSAL (NO_SEGURO_SOCIAL) VALUES ('13-45-61-4689-3',4);
INSERT INTO EMPLEADO_INFORMACION_SUCURSAL (NO_SEGURO_SOCIAL) VALUES ('19-45-78-1256-6',5);
INSERT INTO EMPLEADO_INFORMACION_SUCURSAL (NO_SEGURO_SOCIAL) VALUES ('12-67-90-1256-5',1);
INSERT INTO EMPLEADO_INFORMACION_SUCURSAL (NO_SEGURO_SOCIAL) VALUES ('11-56-90-0931-1',2);
INSERT INTO EMPLEADO_INFORMACION_SUCURSAL (NO_SEGURO_SOCIAL) VALUES ('14-56-89-3112-4',3);
INSERT INTO EMPLEADO_INFORMACION_SUCURSAL (NO_SEGURO_SOCIAL) VALUES ('18-23-56-6134-1',4);
INSERT INTO EMPLEADO_INFORMACION_SUCURSAL (NO_SEGURO_SOCIAL) VALUES ('14-78-41-6532-0',5);
INSERT INTO EMPLEADO_INFORMACION_SUCURSAL (NO_SEGURO_SOCIAL) VALUES ('14-35-63-1256-3',1);
INSERT INTO EMPLEADO_INFORMACION_SUCURSAL (NO_SEGURO_SOCIAL) VALUES ('35-23-53-5234-7',2);
INSERT INTO EMPLEADO_INFORMACION_SUCURSAL (NO_SEGURO_SOCIAL) VALUES ('34-52-56-7534-2',3);
INSERT INTO EMPLEADO_INFORMACION_SUCURSAL (NO_SEGURO_SOCIAL) VALUES ('34-32-54-6464-5',4);
INSERT INTO EMPLEADO_INFORMACION_SUCURSAL (NO_SEGURO_SOCIAL) VALUES ('31-54-54-6541-4',5);
INSERT INTO EMPLEADO_INFORMACION_SUCURSAL (NO_SEGURO_SOCIAL) VALUES ('45-32-45-4572-4',1);
INSERT INTO EMPLEADO_INFORMACION_SUCURSAL (NO_SEGURO_SOCIAL) VALUES ('12-33-54-4523-5',2);
INSERT INTO EMPLEADO_INFORMACION_SUCURSAL (NO_SEGURO_SOCIAL) VALUES ('32-35-52-1203-5',3);
INSERT INTO EMPLEADO_INFORMACION_SUCURSAL (NO_SEGURO_SOCIAL) VALUES ('12-45-78-5423-6',4);
INSERT INTO EMPLEADO_INFORMACION_SUCURSAL (NO_SEGURO_SOCIAL) VALUES ('23-56-86-2323-7',5);
INSERT INTO EMPLEADO_INFORMACION_SUCURSAL (NO_SEGURO_SOCIAL) VALUES ('21-45-32-4565-1',1);
INSERT INTO EMPLEADO_INFORMACION_SUCURSAL (NO_SEGURO_SOCIAL) VALUES ('21-45-64-4121-3',2);
INSERT INTO EMPLEADO_INFORMACION_SUCURSAL (NO_SEGURO_SOCIAL) VALUES ('21-43-42-5632-3',3);
INSERT INTO EMPLEADO_INFORMACION_SUCURSAL (NO_SEGURO_SOCIAL) VALUES ('32-12-42-3221-4',4);
INSERT INTO EMPLEADO_INFORMACION_SUCURSAL (NO_SEGURO_SOCIAL) VALUES ('43-32-32-1209-5',5);
INSERT INTO EMPLEADO_INFORMACION_SUCURSAL (NO_SEGURO_SOCIAL) VALUES ('22-11-32-1409-7',1);
INSERT INTO EMPLEADO_INFORMACION_SUCURSAL (NO_SEGURO_SOCIAL) VALUES ('10-89-34-1167-9',2);
INSERT INTO EMPLEADO_INFORMACION_SUCURSAL (NO_SEGURO_SOCIAL) VALUES ('11-24-67-1349-0',3);
INSERT INTO EMPLEADO_INFORMACION_SUCURSAL (NO_SEGURO_SOCIAL) VALUES ('12-09-90-3209-1',4);
INSERT INTO EMPLEADO_INFORMACION_SUCURSAL (NO_SEGURO_SOCIAL) VALUES ('43-90-21-1099-2',5);


INSERT INTO GENERAL_INFO_CONTACTO (RFC,Nombre, Apellido_Materno, Apellido_Paterno,Direccion, Correo_Electronico, Telefono) VALUES ('CACM731105H8A','MARCO ANTONIO','CHAVEZ','CHAVEZ','Direccion1','Correo1@correo.com','(55) 1666-7146');
INSERT INTO GENERAL_INFO_CONTACTO (RFC,Nombre, Apellido_Materno, Apellido_Paterno,Direccion, Correo_Electronico, Telefono) VALUES ('BEHJ8807044Q9','JUAN GERONIMO','HUERTAS','BECERRA','Direccion2','Correo2@correo.com','(55) 6193-0597');
INSERT INTO GENERAL_INFO_CONTACTO (RFC,Nombre, Apellido_Materno, Apellido_Paterno,Direccion, Correo_Electronico, Telefono) VALUES ('AULA0804095B7','ARTURO','LOPEZ','AGUILAR','Direccion3','Correo3@correo.com','(55) 3587-7893');
INSERT INTO GENERAL_INFO_CONTACTO (RFC,Nombre, Apellido_Materno, Apellido_Paterno,Direccion, Correo_Electronico, Telefono) VALUES ('SASG850327IF4','GUILLERMO','SANCHEZ','SALAS','Direccion4','Correo4@correo.com','(55) 8755-8643');
INSERT INTO GENERAL_INFO_CONTACTO (RFC,Nombre, Apellido_Materno, Apellido_Paterno,Direccion, Correo_Electronico, Telefono) VALUES ('GOVD501011676','DANIEL','VILLAVICENCIO','GONZALEZ','Direccion5','Correo5@correo.com','(55) 8923-4828');



INSERT INTO GENERAL_INFO_PERSONAL (NO_SEGURO_SOCIAL,RFC,Nombre, Apellido_Paterno, Apellido_Materno) VALUES ('12-34-56-7890-0','CACM731105H8A','MARCO ANTONIO','CHAVEZ','CHAVEZ');
INSERT INTO GENERAL_INFO_PERSONAL (NO_SEGURO_SOCIAL,RFC,Nombre, Apellido_Paterno, Apellido_Materno) VALUES ('13-45-67-3456-7','BEHJ8807044Q9','JUAN GERONIMO','BECERRA','HUERTAS');
INSERT INTO GENERAL_INFO_PERSONAL (NO_SEGURO_SOCIAL,RFC,Nombre, Apellido_Paterno, Apellido_Materno) VALUES ('16-34-89-2367-1','AULA0804095B7','ARTURO','AGUILAR','LOPEZ');
INSERT INTO GENERAL_INFO_PERSONAL (NO_SEGURO_SOCIAL,RFC,Nombre, Apellido_Paterno, Apellido_Materno) VALUES ('13-45-61-4689-3','SASG850327IF4','GUILLERMO','SALAS','SANCHEZ');
INSERT INTO GENERAL_INFO_PERSONAL (NO_SEGURO_SOCIAL,RFC,Nombre, Apellido_Paterno, Apellido_Materno) VALUES ('19-45-78-1256-6','GOVD501011676','DANIEL','GONZALEZ','VILLAVICENCIO');



INSERT INTO GENERAL_INFO_SUCURSAL (NO_SEGURO_SOCIAL,Sucursal) VALUES ('12-34-56-7890-0',1);
INSERT INTO GENERAL_INFO_SUCURSAL (NO_SEGURO_SOCIAL,Sucursal) VALUES ('13-45-67-3456-7',2);
INSERT INTO GENERAL_INFO_SUCURSAL (NO_SEGURO_SOCIAL,Sucursal) VALUES ('16-34-89-2367-1',3);
INSERT INTO GENERAL_INFO_SUCURSAL (NO_SEGURO_SOCIAL,Sucursal) VALUES ('13-45-61-4689-3',4);
INSERT INTO GENERAL_INFO_SUCURSAL (NO_SEGURO_SOCIAL,Sucursal) VALUES ('19-45-78-1256-6',5);


INSERT INTO INTENDENCIA_INFO_CONTACTO (RFC,Nombre, Apellido_Materno, Apellido_Paterno,Direccion, Correo_Electronico, Telefono) VALUES ('12-67-90-1256-5','BACR9206298D9','ROBERTO','CORTES','BACA','Direccion6','Correo6@correo.com','(55) 7095-2507');
INSERT INTO INTENDENCIA_INFO_CONTACTO (RFC,Nombre, Apellido_Materno, Apellido_Paterno,Direccion, Correo_Electronico, Telefono) VALUES ('11-56-90-0931-1','BALA000112KJ4','ARMANDO ALFREDO','LOPEZ','BASILIO','Direccion7','Correo7@correo.com','(55) 1478-4877');
INSERT INTO INTENDENCIA_INFO_CONTACTO (RFC,Nombre, Apellido_Materno, Apellido_Paterno,Direccion, Correo_Electronico, Telefono) VALUES ('14-56-89-3112-4','MAMA870826G14','ALEJANDRO','MORALES','MARTINEZ','Direccion8','Correo8@correo.com','(55) 9260-5411');
INSERT INTO INTENDENCIA_INFO_CONTACTO (RFC,Nombre, Apellido_Materno, Apellido_Paterno,Direccion, Correo_Electronico, Telefono) VALUES ('18-23-56-6134-1','ROPR030923R99','RAUL','PABLO','RODRIGUEZ','Direccion9','Correo9@correo.com','(55) 1185-8469');
INSERT INTO INTENDENCIA_INFO_CONTACTO (RFC,Nombre, Apellido_Materno, Apellido_Paterno,Direccion, Correo_Electronico, Telefono) VALUES ('14-78-41-6532-0','ROPA980408TT7','ADRIAN','PADILLA','ROMAN','Direccion10','Correo10@correo.com','(55) 8890-3389');


INSERT INTO INTENDENCIA_INFO_PERSONAL (NO_SEGURO_SOCIAL,RFC,Nombre, Apellido_Paterno, Apellido_Materno) VALUES ('12-67-90-1256-5','BACR9206298D9','ROBERTO','BACA','CORTES');
INSERT INTO INTENDENCIA_INFO_PERSONAL (NO_SEGURO_SOCIAL,RFC,Nombre, Apellido_Paterno, Apellido_Materno) VALUES ('11-56-90-0931-1','BALA000112KJ4','ARMANDO ALFREDO','BASILIO','LOPEZ');
INSERT INTO INTENDENCIA_INFO_PERSONAL (NO_SEGURO_SOCIAL,RFC,Nombre, Apellido_Paterno, Apellido_Materno) VALUES ('14-56-89-3112-4','MAMA870826G14','ALEJANDRO','MARTINEZ','MORALES');
INSERT INTO INTENDENCIA_INFO_PERSONAL (NO_SEGURO_SOCIAL,RFC,Nombre, Apellido_Paterno, Apellido_Materno) VALUES ('18-23-56-6134-1','ROPR030923R99','RAUL','RODRIGUEZ','PABLO');
INSERT INTO INTENDENCIA_INFO_PERSONAL (NO_SEGURO_SOCIAL,RFC,Nombre, Apellido_Paterno, Apellido_Materno) VALUES ('14-78-41-6532-0','ROPA980408TT7','ADRIAN','ROMAN','PADILLA');


INSERT INTO INTENDENCIA_INFO_SUCURSAL (NO_SEGURO_SOCIAL,SUCURSAL) VALUES ('12-67-90-1256-5',1);
INSERT INTO INTENDENCIA_INFO_SUCURSAL (NO_SEGURO_SOCIAL,SUCURSAL) VALUES ('11-56-90-0931-1',2);
INSERT INTO INTENDENCIA_INFO_SUCURSAL (NO_SEGURO_SOCIAL,SUCURSAL) VALUES ('14-56-89-3112-4',3);
INSERT INTO INTENDENCIA_INFO_SUCURSAL (NO_SEGURO_SOCIAL,SUCURSAL) VALUES ('18-23-56-6134-1',4);
INSERT INTO INTENDENCIA_INFO_SUCURSAL (NO_SEGURO_SOCIAL,SUCURSAL) VALUES ('14-78-41-6532-0',5);


INSERT INTO MEDICAMENTO(MARCA,NOMBRE,PRECIO,ESPECIALIDAD)VALUES('AMOXIL','Amoxilina',126.50,'No');
INSERT INTO MEDICAMENTO(MARCA,NOMBRE,PRECIO,ESPECIALIDAD)VALUES('Bayer','Aspirina',26.00,'No');
INSERT INTO MEDICAMENTO(MARCA,NOMBRE,PRECIO,ESPECIALIDAD)VALUES('Radanil','Benznidazol',1360,'Si');
INSERT INTO MEDICAMENTO(MARCA,NOMBRE,PRECIO,ESPECIALIDAD)VALUES('Voltaren','Diclofenaco',29.00,'No');
INSERT INTO MEDICAMENTO(MARCA,NOMBRE,PRECIO,ESPECIALIDAD)VALUES('Anaprox','Naproxeno',38.00,'No');
INSERT INTO MEDICAMENTO(MARCA,NOMBRE,PRECIO,ESPECIALIDAD)VALUES('Ultram','Tramadol',140.00,'No');
INSERT INTO MEDICAMENTO(MARCA,NOMBRE,PRECIO,ESPECIALIDAD)VALUES('ADVIL','Ibuprofeno',35.00,'No');
INSERT INTO MEDICAMENTO(MARCA,NOMBRE,PRECIO,ESPECIALIDAD)VALUES('Aquasol A','Vitamina A',50.00,'No');


INSERT INTO INGREDIENTE(INGREDIENTE)VALUES('Ninguna');
INSERT INTO INGREDIENTE(INGREDIENTE)VALUES('Ácido acetlsalicifico');
INSERT INTO INGREDIENTE(INGREDIENTE)VALUES('celulosa microcristalina');
INSERT INTO INGREDIENTE(INGREDIENTE)VALUES('polivinilpirrolidona');
INSERT INTO INGREDIENTE(INGREDIENTE)VALUES('estearato magnésico');
INSERT INTO INGREDIENTE(INGREDIENTE)VALUES('hidroxipropil metilcelulosa');
INSERT INTO INGREDIENTE(INGREDIENTE)VALUES('polietilenglicol');
INSERT INTO INGREDIENTE(INGREDIENTE)VALUES('dióxido de titanio ');
INSERT INTO INGREDIENTE(INGREDIENTE)VALUES('cálcico dihidratado');
INSERT INTO INGREDIENTE(INGREDIENTE)VALUES('laca de indigotina');
INSERT INTO INGREDIENTE(INGREDIENTE)VALUES('estearato magnésico');
INSERT INTO INGREDIENTE(INGREDIENTE)VALUES('dióxido de sílice coloidal');
INSERT INTO INGREDIENTE(INGREDIENTE)VALUES('dióxido de titanio');


INSERT INTO PRESENTACION(PRESENTACION)VALUES('Tabletas');
INSERT INTO PRESENTACION(PRESENTACION)VALUES('Grajeas');
INSERT INTO PRESENTACION(PRESENTACION)VALUES('Oral');

INSERT INTO MEDICO_INFORMACION_CONTACTO(NO_SEGURO_SOCIAL,CEDULA_PROFESIONAL,NOMBRE,APELLIDO_PATERNO,APELLIDO_MATERNO,DIRECCION,TELEFONO,CORREO_ELECTRONICO)VALUES('14-35-63-1256-3','3126789','IVAN FRANCISCO','VALADEZ','PEREA','Direccion11','(55) 8849-0616','Correo11@correo.com');
INSERT INTO MEDICO_INFORMACION_CONTACTO(NO_SEGURO_SOCIAL,CEDULA_PROFESIONAL,NOMBRE,APELLIDO_PATERNO,APELLIDO_MATERNO,DIRECCION,TELEFONO,CORREO_ELECTRONICO)VALUES('35-23-53-5234-7','3560156','ARMANDO','LOZANO','MADRID','Direccion12','(55) 2831-0712','Correo12@ciencias.com');
INSERT INTO MEDICO_INFORMACION_CONTACTO(NO_SEGURO_SOCIAL,CEDULA_PROFESIONAL,NOMBRE,APELLIDO_PATERNO,APELLIDO_MATERNO,DIRECCION,TELEFONO,CORREO_ELECTRONICO)VALUES('34-52-56-7534-2','3215735','ROBERTO','NECHA','BONILLA','Direccion13','(55) 0839-2165','Correo13@ciencias.com');
INSERT INTO MEDICO_INFORMACION_CONTACTO(NO_SEGURO_SOCIAL,CEDULA_PROFESIONAL,NOMBRE,APELLIDO_PATERNO,APELLIDO_MATERNO,DIRECCION,TELEFONO,CORREO_ELECTRONICO)VALUES('34-32-54-6464-5','2598012','ELOY','VARA','CARRILLO','Direccion14','(55) 7179-9028','Correo14@correo.com');
INSERT INTO MEDICO_INFORMACION_CONTACTO(NO_SEGURO_SOCIAL,CEDULA_PROFESIONAL,NOMBRE,APELLIDO_PATERNO,APELLIDO_MATERNO,DIRECCION,TELEFONO,CORREO_ELECTRONICO)VALUES('31-54-54-6541-4','6805421','JUAN','RODRIGUEZ','ARRIAGA','Direccion15','(55) 0649-0068','Correo15@correo.com');


INSERT INTO MEDICO_INFORMACION_PERSONAL(NO_SEGURO_SOCIAL,RFC,CEDULA_PROFESIONAL,NOMBRE,APELLIDO_PATERNO,APELLIDO_MATERNO)VALUES('14-35-63-1256-3','VAPI670210FG4','3126789','IVAN FRANCISCO','VALADEZ','PEREA');
INSERT INTO MEDICO_INFORMACION_PERSONAL(NO_SEGURO_SOCIAL,RFC,CEDULA_PROFESIONAL,NOMBRE,APELLIDO_PATERNO,APELLIDO_MATERNO)VALUES('35-23-53-5234-7','LOMA811207E13','3560156','ARMANDO','LOZANO','MADRID');
INSERT INTO MEDICO_INFORMACION_PERSONAL(NO_SEGURO_SOCIAL,RFC,CEDULA_PROFESIONAL,NOMBRE,APELLIDO_PATERNO,APELLIDO_MATERNO)VALUES('34-52-56-7534-2','NEBR970722FA3','3215735','ROBERTO','NECHA','BONILLA');
INSERT INTO MEDICO_INFORMACION_PERSONAL(NO_SEGURO_SOCIAL,RFC,CEDULA_PROFESIONAL,NOMBRE,APELLIDO_PATERNO,APELLIDO_MATERNO)VALUES('34-32-54-6464-5','NECE600421SZ0','2598012','ELOY','VARA','CARRILLO');
INSERT INTO MEDICO_INFORMACION_PERSONAL(NO_SEGURO_SOCIAL,RFC,CEDULA_PROFESIONAL,NOMBRE,APELLIDO_PATERNO,APELLIDO_MATERNO)VALUES('31-54-54-6541-4','ROAJ10102782A','6805421','JUAN','RODRIGUEZ','ARRIAGA');


INSERT INTO MEDICO_INFORMACION_SUCURSAL(NO_SEGURO_SOCIAL,CEDULA_PROFESIONAL,SUCURSAL)VALUES('14-35-63-1256-3','VAPI670210FG4',1);
INSERT INTO MEDICO_INFORMACION_SUCURSAL(NO_SEGURO_SOCIAL,CEDULA_PROFESIONAL,SUCURSAL)VALUES('35-23-53-5234-7','LOMA811207E13',2);
INSERT INTO MEDICO_INFORMACION_SUCURSAL(NO_SEGURO_SOCIAL,CEDULA_PROFESIONAL,SUCURSAL)VALUES('34-52-56-7534-2','NEBR970722FA3',3);
INSERT INTO MEDICO_INFORMACION_SUCURSAL(NO_SEGURO_SOCIAL,CEDULA_PROFESIONAL,SUCURSAL)VALUES('34-32-54-6464-5','NECE600421SZ0',4);
INSERT INTO MEDICO_INFORMACION_SUCURSAL(NO_SEGURO_SOCIAL,CEDULA_PROFESIONAL,SUCURSAL)VALUES('31-54-54-6541-4','ROAJ10102782A',5);

INSERT INTO RECETA_INFORMACION_CONSULTA(MEDICO,FIRMA,DATOS PACIENTE,TURNO_CONSULTA)VALUES(1,'',12,3);
INSERT INTO RECETA_INFORMACION_CONSULTA(MEDICO,FIRMA,DATOS PACIENTE,TURNO_CONSULTA)VALUES(2,'',13,4);
INSERT INTO RECETA_INFORMACION_CONSULTA(MEDICO,FIRMA,DATOS PACIENTE,TURNO_CONSULTA)VALUES(3,'',14,7);
INSERT INTO RECETA_INFORMACION_CONSULTA(MEDICO,FIRMA,DATOS PACIENTE,TURNO_CONSULTA)VALUES(4,'',15,6);
INSERT INTO RECETA_INFORMACION_CONSULTA(MEDICO,FIRMA,DATOS PACIENTE,TURNO_CONSULTA)VALUES(5,'',11,9);
INSERT INTO RECETA_INFORMACION_CONSULTA(MEDICO,FIRMA,DATOS PACIENTE,TURNO_CONSULTA)VALUES(1,'',1,9);
INSERT INTO RECETA_INFORMACION_CONSULTA(MEDICO,FIRMA,DATOS PACIENTE,TURNO_CONSULTA)VALUES(2,'',9,1);
INSERT INTO RECETA_INFORMACION_CONSULTA(MEDICO,FIRMA,DATOS PACIENTE,TURNO_CONSULTA)VALUES(3,'',29,4);
INSERT INTO RECETA_INFORMACION_CONSULTA(MEDICO,FIRMA,DATOS PACIENTE,TURNO_CONSULTA)VALUES(4,'',21,2);
INSERT INTO RECETA_INFORMACION_CONSULTA(MEDICO,FIRMA,DATOS PACIENTE,TURNO_CONSULTA)VALUES(5,'',46,6);



INSERT INTO RECETA_INFORMACION_ESPECIAL(MEDICO,FIRMA,PDF)VALUES(1,'','');
INSERT INTO RECETA_INFORMACION_ESPECIAL(MEDICO,FIRMA,PDF)VALUES(2,'','');
INSERT INTO RECETA_INFORMACION_ESPECIAL(MEDICO,FIRMA,PDF)VALUES(3,'','');
INSERT INTO RECETA_INFORMACION_ESPECIAL(MEDICO,FIRMA,PDF)VALUES(4,'','');
INSERT INTO RECETA_INFORMACION_ESPECIAL(MEDICO,FIRMA,PDF)VALUES(5,'','');
INSERT INTO RECETA_INFORMACION_ESPECIAL(MEDICO,FIRMA,PDF)VALUES(1,'','');
INSERT INTO RECETA_INFORMACION_ESPECIAL(MEDICO,FIRMA,PDF)VALUES(2,'','');
INSERT INTO RECETA_INFORMACION_ESPECIAL(MEDICO,FIRMA,PDF)VALUES(3,'','');
INSERT INTO RECETA_INFORMACION_ESPECIAL(MEDICO,FIRMA,PDF)VALUES(4,'','');
INSERT INTO RECETA_INFORMACION_ESPECIAL(MEDICO,FIRMA,PDF)VALUES(5,'','');

INSERT INTO RESPONSABLE_INFO_CONTACTO(RFC,NOMBRE,APELLIDO_MATERNO,APELLIDO_PATERNO,DIRECCION,CORREO_ELECTRONICO,TELEFONO)VALUES('ZECE770221IF7','EDUARDO','CORONA','ZEPEDA','Direccion16','Correo16@correo.com','(55) 1387-8902');
INSERT INTO RESPONSABLE_INFO_CONTACTO(RFC,NOMBRE,APELLIDO_MATERNO,APELLIDO_PATERNO,DIRECCION,CORREO_ELECTRONICO,TELEFONO)VALUES('AAMJ470808BJA','JUAN JOSE','MARTINEZ','ALVA','Direccion17','Correo17@correo.com','(55) 5954-4247');
INSERT INTO RESPONSABLE_INFO_CONTACTO(RFC,NOMBRE,APELLIDO_MATERNO,APELLIDO_PATERNO,DIRECCION,CORREO_ELECTRONICO,TELEFONO)VALUES('FOMO820217LV7','OSCAR','MEJIA','FLORES','Direccion18','Correo18@correo.com','(55) 7822-1555');
INSERT INTO RESPONSABLE_INFO_CONTACTO(RFC,NOMBRE,APELLIDO_MATERNO,APELLIDO_PATERNO,DIRECCION,CORREO_ELECTRONICO,TELEFONO)VALUES('MONJ941004311','JUAN JOSE','NAVARRO','MONTUFAR','Direccion19','Correo19@correo.com','(55) 6084-7986');
INSERT INTO RESPONSABLE_INFO_CONTACTO(RFC,NOMBRE,APELLIDO_MATERNO,APELLIDO_PATERNO,DIRECCION,CORREO_ELECTRONICO,TELEFONO)VALUES('YOPB8305151Z9','BENJAMIN','PEREZ','YONEKAWA','Direccion20','Correo20@correo.com','(55) 8848-3961');

INSERT INTO RESPONSABLE_INFO_PERSONAL(NO_SEGURO_SOCIAL,RFC,NOMBRE,APELLIDO_PATERNO,APELLIDO_MATERNO)VALUES('45-32-45-4572-4','ZECE770221IF7','EDUARDO','ZEPEDA','CORONA');
INSERT INTO RESPONSABLE_INFO_PERSONAL(NO_SEGURO_SOCIAL,RFC,NOMBRE,APELLIDO_PATERNO,APELLIDO_MATERNO)VALUES('12-33-54-4523-5','AAMJ470808BJA','JUAN JOSE','ALVA','MARTINEZ');
INSERT INTO RESPONSABLE_INFO_PERSONAL(NO_SEGURO_SOCIAL,RFC,NOMBRE,APELLIDO_PATERNO,APELLIDO_MATERNO)VALUES('32-35-52-1203-5','FOMO820217LV7','OSCAR','FLORES','MEJIA');
INSERT INTO RESPONSABLE_INFO_PERSONAL(NO_SEGURO_SOCIAL,RFC,NOMBRE,APELLIDO_PATERNO,APELLIDO_MATERNO)VALUES('12-45-78-5423-6','MONJ941004311','JUAN JOSE','MONTUFAR','NAVARRO');
INSERT INTO RESPONSABLE_INFO_PERSONAL(NO_SEGURO_SOCIAL,RFC,NOMBRE,APELLIDO_PATERNO,APELLIDO_MATERNO)VALUES('23-56-86-2323-7','YOPB8305151Z9','BENJAMIN','YONEKAWA','PEREZ');


INSERT INTO RESPONSABLE_INFO_SUCURSAL(NO_SEGURO_SOCIAL,SUCURSAL)VALUES('45-32-45-4572-4',1);
INSERT INTO RESPONSABLE_INFO_SUCURSAL(NO_SEGURO_SOCIAL,SUCURSAL)VALUES('12-33-54-4523-5',2);
INSERT INTO RESPONSABLE_INFO_SUCURSAL(NO_SEGURO_SOCIAL,SUCURSAL)VALUES('32-35-52-1203-5',3);
INSERT INTO RESPONSABLE_INFO_SUCURSAL(NO_SEGURO_SOCIAL,SUCURSAL)VALUES('12-45-78-5423-6',4);
INSERT INTO RESPONSABLE_INFO_SUCURSAL(NO_SEGURO_SOCIAL,SUCURSAL)VALUES('23-56-86-2323-7',5);

INSERT INTO SUCURSAL(RESPONSABLE,DIRECCION,CIUDAD,ESTADO) VALUES('Direccion1','Ciudad1','Estado1');
INSERT INTO SUCURSAL(RESPONSABLE,DIRECCION,CIUDAD,ESTADO) VALUES('Direccion2','Ciudad2','Estado2');
INSERT INTO SUCURSAL(RESPONSABLE,DIRECCION,CIUDAD,ESTADO) VALUES('Direccion3','Ciudad3','Estado3');
INSERT INTO SUCURSAL(RESPONSABLE,DIRECCION,CIUDAD,ESTADO) VALUES('Direccion4','Ciudad4','Estado4');
INSERT INTO SUCURSAL(RESPONSABLE,DIRECCION,CIUDAD,ESTADO) VALUES('Direccion5','Ciudad5','Estado5');


INSERT INTO MOSTRADOR_INFO_CONTACTO(RFC,NOMBRE,APELLIDO_MATERNO,APELLIDO_PATERNO,DIRECCION,CORREO_ELECTRONICO,TELEFONO)VALUES('CERA601225T26','ALEJANDRO','RODRIGUEZ','CERON','Direccion21','Correo21@correo.com','(55) 9556-9070');
INSERT INTO MOSTRADOR_INFO_CONTACTO(RFC,NOMBRE,APELLIDO_MATERNO,APELLIDO_PATERNO,DIRECCION,CORREO_ELECTRONICO,TELEFONO)VALUES('FACS9107181Y1','SALVADOR','CERVANTES','FRANCO','Direccion22','Correo22@correo.com','(55) 2318-4281');
INSERT INTO MOSTRADOR_INFO_CONTACTO(RFC,NOMBRE,APELLIDO_MATERNO,APELLIDO_PATERNO,DIRECCION,CORREO_ELECTRONICO,TELEFONO)VALUES('SESJ0206034I0','JESUS','SANTIAGO','SEGURA','Direccion23','Correo23@correo.com','(55) 0458-9611');
INSERT INTO MOSTRADOR_INFO_CONTACTO(RFC,NOMBRE,APELLIDO_MATERNO,APELLIDO_PATERNO,DIRECCION,CORREO_ELECTRONICO,TELEFONO)VALUES('SURJ910815LIA','JUAN','RANGEL','SUAREZ','Direccion24','Correo24@correo.com','(55) 9554-5989');
INSERT INTO MOSTRADOR_INFO_CONTACTO(RFC,NOMBRE,APELLIDO_MATERNO,APELLIDO_PATERNO,DIRECCION,CORREO_ELECTRONICO,TELEFONO)VALUES('PAVA950908G52','ARMANDO','VILLELA','PADRON','Direccion25','Correo25@correo.com','(55) 4269-4113');


INSERT INTO MOSTRADOR_INFO_PERSONAL(NO_SEGURO_SOCIAL,RFC,NOMBRE,APELLIDO_PATERNO,APELLIDO_MATERNO)VALUES('21-45-32-4565-1','CERA601225T26','ALEJANDRO','CERON','RODRIGUEZ');
INSERT INTO MOSTRADOR_INFO_PERSONAL(NO_SEGURO_SOCIAL,RFC,NOMBRE,APELLIDO_PATERNO,APELLIDO_MATERNO)VALUES('21-45-64-4121-3','FACS9107181Y1','SALVADOR','FRANCO','CERVANTES');
INSERT INTO MOSTRADOR_INFO_PERSONAL(NO_SEGURO_SOCIAL,RFC,NOMBRE,APELLIDO_PATERNO,APELLIDO_MATERNO)VALUES('21-43-42-5632-3','SESJ0206034I0','JESUS','SEGURA','SANTIAGO');
INSERT INTO MOSTRADOR_INFO_PERSONAL(NO_SEGURO_SOCIAL,RFC,NOMBRE,APELLIDO_PATERNO,APELLIDO_MATERNO)VALUES('32-12-42-3221-4','SURJ910815LIA','JUAN','SUAREZ','RANGEL');
INSERT INTO MOSTRADOR_INFO_PERSONAL(NO_SEGURO_SOCIAL,RFC,NOMBRE,APELLIDO_PATERNO,APELLIDO_MATERNO)VALUES('43-32-32-1209-5','PAVA950908G52','ARMANDO','PADRON','VILLELA');


INSERT INTO MOSTRADOR_INFO_SUCURSAL(NO_SEGURO_SOCIAL,SUCURSAL)VALUES('21-45-32-4565-1',1);
INSERT INTO MOSTRADOR_INFO_SUCURSAL(NO_SEGURO_SOCIAL,SUCURSAL)VALUES('21-45-64-4121-3',2);
INSERT INTO MOSTRADOR_INFO_SUCURSAL(NO_SEGURO_SOCIAL,SUCURSAL)VALUES('21-43-42-5632-3',3);
INSERT INTO MOSTRADOR_INFO_SUCURSAL(NO_SEGURO_SOCIAL,SUCURSAL)VALUES('32-12-42-3221-4',4);
INSERT INTO MOSTRADOR_INFO_SUCURSAL(NO_SEGURO_SOCIAL,SUCURSAL)VALUES('43-32-32-1209-5',5);


INSERT INTO TELEFONOS_SUCURSALES(TELEFONO)VALUES('(55) 4312-5678');
INSERT INTO TELEFONOS_SUCURSALES(TELEFONO)VALUES('(55) 3168-9410');
INSERT INTO TELEFONOS_SUCURSALES(TELEFONO)VALUES('(55) 3450-2345');
INSERT INTO TELEFONOS_SUCURSALES(TELEFONO)VALUES('(55) 0301-3478');
INSERT INTO TELEFONOS_SUCURSALES(TELEFONO)VALUES('(55) 0321-4367');
INSERT INTO TELEFONOS_SUCURSALES(TELEFONO)VALUES('(55) 3103-1290');


INSERT INTO TELEFONO_SUCURSAL(ID_TELEFONO,ID_SUCURSAL,DIRECCION)VALUES(1,1,'Direccion1');
INSERT INTO TELEFONO_SUCURSAL(ID_TELEFONO,ID_SUCURSAL,DIRECCION)VALUES(2,2,'Direccion2');
INSERT INTO TELEFONO_SUCURSAL(ID_TELEFONO,ID_SUCURSAL,DIRECCION)VALUES(3,3,'Direccion3');
INSERT INTO TELEFONO_SUCURSAL(ID_TELEFONO,ID_SUCURSAL,DIRECCION)VALUES(4,4,'Direccion4');
INSERT INTO TELEFONO_SUCURSAL(ID_TELEFONO,ID_SUCURSAL,DIRECCION)VALUES(5,5,'Direccion5');
INSERT INTO TELEFONO_SUCURSAL(ID_TELEFONO,ID_SUCURSAL,DIRECCION)VALUES(5,1,'Direccion5');

INSERT INTO SUCURSAL_MEDICAMENTO(ID_SUCURSAL,DIRECCION,CIUDAD,ESTADO,MARCA,NOMBRE,PRECIO,ESPECIALIDAD)VALUES(1,'Direccion1','Ciudad1','Estado1','AMOXIL','Amoxilina',126.50,'No');
INSERT INTO SUCURSAL_MEDICAMENTO(ID_SUCURSAL,DIRECCION,CIUDAD,ESTADO,MARCA,NOMBRE,PRECIO,ESPECIALIDAD)VALUES(2,'Direccion2','Ciudad2','Estado2','AMOXIL','Amoxilina',126.50,'No');
INSERT INTO SUCURSAL_MEDICAMENTO(ID_SUCURSAL,DIRECCION,CIUDAD,ESTADO,MARCA,NOMBRE,PRECIO,ESPECIALIDAD)VALUES(3,'Direccion3','Ciudad3','Estado3','AMOXIL','Amoxilina',126.50,'No');
INSERT INTO SUCURSAL_MEDICAMENTO(ID_SUCURSAL,DIRECCION,CIUDAD,ESTADO,MARCA,NOMBRE,PRECIO,ESPECIALIDAD)VALUES(4,'Direccion4','Ciudad4','Estado4','AMOXIL','Amoxilina',126.50,'No');
INSERT INTO SUCURSAL_MEDICAMENTO(ID_SUCURSAL,DIRECCION,CIUDAD,ESTADO,MARCA,NOMBRE,PRECIO,ESPECIALIDAD)VALUES(5,'Direccion5','Ciudad5','Estado5','AMOXIL','Amoxilina',126.50,'No');
INSERT INTO SUCURSAL_MEDICAMENTO(ID_SUCURSAL,DIRECCION,CIUDAD,ESTADO,MARCA,NOMBRE,PRECIO,ESPECIALIDAD)VALUES(1,'Direccion1','Ciudad1','Estado1','Bayer','Aspirina',26.00,'No');
INSERT INTO SUCURSAL_MEDICAMENTO(ID_SUCURSAL,DIRECCION,CIUDAD,ESTADO,MARCA,NOMBRE,PRECIO,ESPECIALIDAD)VALUES(2,'Direccion2','Ciudad2','Estado2','Bayer','Aspirina',26.00,'No');
INSERT INTO SUCURSAL_MEDICAMENTO(ID_SUCURSAL,DIRECCION,CIUDAD,ESTADO,MARCA,NOMBRE,PRECIO,ESPECIALIDAD)VALUES(3,'Direccion3','Ciudad3','Estado3','Bayer','Aspirina',26.00,'No');
INSERT INTO SUCURSAL_MEDICAMENTO(ID_SUCURSAL,DIRECCION,CIUDAD,ESTADO,MARCA,NOMBRE,PRECIO,ESPECIALIDAD)VALUES(4,'Direccion4','Ciudad4','Estado4','Bayer','Aspirina',26.00,'No');
INSERT INTO SUCURSAL_MEDICAMENTO(ID_SUCURSAL,DIRECCION,CIUDAD,ESTADO,MARCA,NOMBRE,PRECIO,ESPECIALIDAD)VALUES(5,'Direccion5','Ciudad5','Estado5','Bayer','Aspirina',26.00,'No');
INSERT INTO SUCURSAL_MEDICAMENTO(ID_SUCURSAL,DIRECCION,CIUDAD,ESTADO,MARCA,NOMBRE,PRECIO,ESPECIALIDAD)VALUES(1,'Direccion1','Ciudad1','Estado1','Radanil','Benznidazol',1360,'Si');
INSERT INTO SUCURSAL_MEDICAMENTO(ID_SUCURSAL,DIRECCION,CIUDAD,ESTADO,MARCA,NOMBRE,PRECIO,ESPECIALIDAD)VALUES(2,'Direccion2','Ciudad2','Estado2','Radanil','Benznidazol',1360,'Si');
INSERT INTO SUCURSAL_MEDICAMENTO(ID_SUCURSAL,DIRECCION,CIUDAD,ESTADO,MARCA,NOMBRE,PRECIO,ESPECIALIDAD)VALUES(3,'Direccion3','Ciudad3','Estado3','Radanil','Benznidazol',1360,'Si');
INSERT INTO SUCURSAL_MEDICAMENTO(ID_SUCURSAL,DIRECCION,CIUDAD,ESTADO,MARCA,NOMBRE,PRECIO,ESPECIALIDAD)VALUES(4,'Direccion4','Ciudad4','Estado4','Radanil','Benznidazol',1360,'Si');
INSERT INTO SUCURSAL_MEDICAMENTO(ID_SUCURSAL,DIRECCION,CIUDAD,ESTADO,MARCA,NOMBRE,PRECIO,ESPECIALIDAD)VALUES(5,'Direccion5','Ciudad5','Estado5','Radanil','Benznidazol',1360,'Si');
INSERT INTO SUCURSAL_MEDICAMENTO(ID_SUCURSAL,DIRECCION,CIUDAD,ESTADO,MARCA,NOMBRE,PRECIO,ESPECIALIDAD)VALUES(1,'Direccion1','Ciudad1','Estado1','Voltaren','Diclofenaco',29.00,'No');
INSERT INTO SUCURSAL_MEDICAMENTO(ID_SUCURSAL,DIRECCION,CIUDAD,ESTADO,MARCA,NOMBRE,PRECIO,ESPECIALIDAD)VALUES(2,'Direccion2','Ciudad2','Estado2','Voltaren','Diclofenaco',29.00,'No');
INSERT INTO SUCURSAL_MEDICAMENTO(ID_SUCURSAL,DIRECCION,CIUDAD,ESTADO,MARCA,NOMBRE,PRECIO,ESPECIALIDAD)VALUES(3,'Direccion3','Ciudad3','Estado3','Voltaren','Diclofenaco',29.00,'No');
INSERT INTO SUCURSAL_MEDICAMENTO(ID_SUCURSAL,DIRECCION,CIUDAD,ESTADO,MARCA,NOMBRE,PRECIO,ESPECIALIDAD)VALUES(4,'Direccion4','Ciudad4','Estado4','Voltaren','Diclofenaco',29.00,'No');
INSERT INTO SUCURSAL_MEDICAMENTO(ID_SUCURSAL,DIRECCION,CIUDAD,ESTADO,MARCA,NOMBRE,PRECIO,ESPECIALIDAD)VALUES(5,'Direccion5','Ciudad5','Estado5','Voltaren','Diclofenaco',29.00,'No');
INSERT INTO SUCURSAL_MEDICAMENTO(ID_SUCURSAL,DIRECCION,CIUDAD,ESTADO,MARCA,NOMBRE,PRECIO,ESPECIALIDAD)VALUES(1,'Direccion1','Ciudad1','Estado1','Anaprox','Naproxeno',38.00,'No');
INSERT INTO SUCURSAL_MEDICAMENTO(ID_SUCURSAL,DIRECCION,CIUDAD,ESTADO,MARCA,NOMBRE,PRECIO,ESPECIALIDAD)VALUES(2,'Direccion2','Ciudad2','Estado2','Anaprox','Naproxeno',38.00,'No');
INSERT INTO SUCURSAL_MEDICAMENTO(ID_SUCURSAL,DIRECCION,CIUDAD,ESTADO,MARCA,NOMBRE,PRECIO,ESPECIALIDAD)VALUES(3,'Direccion3','Ciudad3','Estado3','Anaprox','Naproxeno',38.00,'No');
INSERT INTO SUCURSAL_MEDICAMENTO(ID_SUCURSAL,DIRECCION,CIUDAD,ESTADO,MARCA,NOMBRE,PRECIO,ESPECIALIDAD)VALUES(4,'Direccion4','Ciudad4','Estado4','Anaprox','Naproxeno',38.00,'No');
INSERT INTO SUCURSAL_MEDICAMENTO(ID_SUCURSAL,DIRECCION,CIUDAD,ESTADO,MARCA,NOMBRE,PRECIO,ESPECIALIDAD)VALUES(5,'Direccion5','Ciudad5','Estado5','Anaprox','Naproxeno',38.00,'No');
INSERT INTO SUCURSAL_MEDICAMENTO(ID_SUCURSAL,DIRECCION,CIUDAD,ESTADO,MARCA,NOMBRE,PRECIO,ESPECIALIDAD)VALUES(1,'Direccion1','Ciudad1','Estado1','Ultram','Tramadol',140.00,'No');
INSERT INTO SUCURSAL_MEDICAMENTO(ID_SUCURSAL,DIRECCION,CIUDAD,ESTADO,MARCA,NOMBRE,PRECIO,ESPECIALIDAD)VALUES(2,'Direccion2','Ciudad2','Estado2','Ultram','Tramadol',140.00,'No');
INSERT INTO SUCURSAL_MEDICAMENTO(ID_SUCURSAL,DIRECCION,CIUDAD,ESTADO,MARCA,NOMBRE,PRECIO,ESPECIALIDAD)VALUES(3,'Direccion3','Ciudad3','Estado3','Ultram','Tramadol',140.00,'No');
INSERT INTO SUCURSAL_MEDICAMENTO(ID_SUCURSAL,DIRECCION,CIUDAD,ESTADO,MARCA,NOMBRE,PRECIO,ESPECIALIDAD)VALUES(4,'Direccion4','Ciudad4','Estado4','Ultram','Tramadol',140.00,'No');
INSERT INTO SUCURSAL_MEDICAMENTO(ID_SUCURSAL,DIRECCION,CIUDAD,ESTADO,MARCA,NOMBRE,PRECIO,ESPECIALIDAD)VALUES(5,'Direccion5','Ciudad5','Estado5','Ultram','Tramadol',140.00,'No');
INSERT INTO SUCURSAL_MEDICAMENTO(ID_SUCURSAL,DIRECCION,CIUDAD,ESTADO,MARCA,NOMBRE,PRECIO,ESPECIALIDAD)VALUES(1,'Direccion1','Ciudad1','Estado1','ADVIL','Ibuprofeno',35.00,'No');
INSERT INTO SUCURSAL_MEDICAMENTO(ID_SUCURSAL,DIRECCION,CIUDAD,ESTADO,MARCA,NOMBRE,PRECIO,ESPECIALIDAD)VALUES(2,'Direccion2','Ciudad2','Estado2','ADVIL','Ibuprofeno',35.00,'No');
INSERT INTO SUCURSAL_MEDICAMENTO(ID_SUCURSAL,DIRECCION,CIUDAD,ESTADO,MARCA,NOMBRE,PRECIO,ESPECIALIDAD)VALUES(3,'Direccion3','Ciudad3','Estado3','ADVIL','Ibuprofeno',35.00,'No');
INSERT INTO SUCURSAL_MEDICAMENTO(ID_SUCURSAL,DIRECCION,CIUDAD,ESTADO,MARCA,NOMBRE,PRECIO,ESPECIALIDAD)VALUES(4,'Direccion4','Ciudad4','Estado4','ADVIL','Ibuprofeno',35.00,'No');
INSERT INTO SUCURSAL_MEDICAMENTO(ID_SUCURSAL,DIRECCION,CIUDAD,ESTADO,MARCA,NOMBRE,PRECIO,ESPECIALIDAD)VALUES(5,'Direccion5','Ciudad5','Estado5','ADVIL','Ibuprofeno',35.00,'No');
INSERT INTO SUCURSAL_MEDICAMENTO(ID_SUCURSAL,DIRECCION,CIUDAD,ESTADO,MARCA,NOMBRE,PRECIO,ESPECIALIDAD)VALUES(1,'Direccion1','Ciudad1','Estado1','Aquasol A','Vitamina A',50.00,'No');
INSERT INTO SUCURSAL_MEDICAMENTO(ID_SUCURSAL,DIRECCION,CIUDAD,ESTADO,MARCA,NOMBRE,PRECIO,ESPECIALIDAD)VALUES(2,'Direccion2','Ciudad2','Estado2','Aquasol A','Vitamina A',50.00,'No');
INSERT INTO SUCURSAL_MEDICAMENTO(ID_SUCURSAL,DIRECCION,CIUDAD,ESTADO,MARCA,NOMBRE,PRECIO,ESPECIALIDAD)VALUES(3,'Direccion3','Ciudad3','Estado3','Aquasol A','Vitamina A',50.00,'No');
INSERT INTO SUCURSAL_MEDICAMENTO(ID_SUCURSAL,DIRECCION,CIUDAD,ESTADO,MARCA,NOMBRE,PRECIO,ESPECIALIDAD)VALUES(4,'Direccion4','Ciudad4','Estado4','Aquasol A','Vitamina A',50.00,'No');
INSERT INTO SUCURSAL_MEDICAMENTO(ID_SUCURSAL,DIRECCION,CIUDAD,ESTADO,MARCA,NOMBRE,PRECIO,ESPECIALIDAD)VALUES(5,'Direccion5','Ciudad5','Estado5','Aquasol A','Vitamina A',50.00,'No');


INSERT INTO ESPECIALIDAD(ESPECIALIDAD)VALUES('Especialidad1');
INSERT INTO ESPECIALIDAD(ESPECIALIDAD)VALUES('Especialidad2');
INSERT INTO ESPECIALIDAD(ESPECIALIDAD)VALUES('Especialidad3');
INSERT INTO ESPECIALIDAD(ESPECIALIDAD)VALUES('Especialidad4');
INSERT INTO ESPECIALIDAD(ESPECIALIDAD)VALUES('Especialidad5');


INSERT INTO MEDICO_ESPECIALIDAD(ID_CLIENTE,ID_ESPECIALIDAD,NO_SEGURO_SOCIAL,RFC,CEDULA_PROFESIONAL)VALUES(11,1,'14-35-63-1256-3','VAPI670210FG4','3126789');
INSERT INTO MEDICO_ESPECIALIDAD(ID_CLIENTE,ID_ESPECIALIDAD,NO_SEGURO_SOCIAL,RFC,CEDULA_PROFESIONAL)VALUES(12,2,'35-23-53-5234-7','LOMA811207E13','3560156');
INSERT INTO MEDICO_ESPECIALIDAD(ID_CLIENTE,ID_ESPECIALIDAD,NO_SEGURO_SOCIAL,RFC,CEDULA_PROFESIONAL)VALUES(13,2,'34-52-56-7534-2','NEBR970722FA3','3215735');
INSERT INTO MEDICO_ESPECIALIDAD(ID_CLIENTE,ID_ESPECIALIDAD,NO_SEGURO_SOCIAL,RFC,CEDULA_PROFESIONAL)VALUES(14,4,'34-32-54-6464-5','NECE600421SZ0','2598012');
INSERT INTO MEDICO_ESPECIALIDAD(ID_CLIENTE,ID_ESPECIALIDAD,NO_SEGURO_SOCIAL,RFC,CEDULA_PROFESIONAL)VALUES(15,5,'31-54-54-6541-4','ROAJ10102782A','6805421');
INSERT INTO MEDICO_ESPECIALIDAD(ID_CLIENTE,ID_ESPECIALIDAD,NO_SEGURO_SOCIAL,RFC,CEDULA_PROFESIONAL)VALUES(11,2,'14-35-63-1256-3','VAPI670210FG4','3126789');
INSERT INTO MEDICO_ESPECIALIDAD(ID_CLIENTE,ID_ESPECIALIDAD,NO_SEGURO_SOCIAL,RFC,CEDULA_PROFESIONAL)VALUES(11,3,'14-35-63-1256-3','VAPI670210FG4','3126789');


INSERT INTO CLIENTE_RECETA(ID_CLIENTE,NOMBRE,APELLIDO_MATERNO,APELLIDO_PATERNO,ID_RECETA)VALUES(12,'ARMANDO','MADRID','LOZANO',1);
INSERT INTO CLIENTE_RECETA(ID_CLIENTE,NOMBRE,APELLIDO_MATERNO,APELLIDO_PATERNO,ID_RECETA)VALUES(13,'ROBERTO','BONILLA','NECHA',2);
INSERT INTO CLIENTE_RECETA(ID_CLIENTE,NOMBRE,APELLIDO_MATERNO,APELLIDO_PATERNO,ID_RECETA)VALUES(14,'ELOY','CARRILLO','VARA',3);
INSERT INTO CLIENTE_RECETA(ID_CLIENTE,NOMBRE,APELLIDO_MATERNO,APELLIDO_PATERNO,ID_RECETA)VALUES(15,'JUAN','ARRIAGA','RODRIGUEZ',4);
INSERT INTO CLIENTE_RECETA(ID_CLIENTE,NOMBRE,APELLIDO_MATERNO,APELLIDO_PATERNO,ID_RECETA)VALUES(11,'IVAN FRANCISCO','PEREA','VALADEZ',5);
INSERT INTO CLIENTE_RECETA(ID_CLIENTE,NOMBRE,APELLIDO_MATERNO,APELLIDO_PATERNO,ID_RECETA)VALUES(1,'MARCO ANTONIO','CHAVEZ','CHAVEZ',6);
INSERT INTO CLIENTE_RECETA(ID_CLIENTE,NOMBRE,APELLIDO_MATERNO,APELLIDO_PATERNO,ID_RECETA)VALUES(9,'RAUL','PABLO','RODRIGUEZ',7);
INSERT INTO CLIENTE_RECETA(ID_CLIENTE,NOMBRE,APELLIDO_MATERNO,APELLIDO_PATERNO,ID_RECETA)VALUES(29,'ALEJANDRO','BERMEJO','HERNANDEZ',8);
INSERT INTO CLIENTE_RECETA(ID_CLIENTE,NOMBRE,APELLIDO_MATERNO,APELLIDO_PATERNO,ID_RECETA)VALUES(21,'ALEJANDRO','RODRIGUEZ','CERON',9);
INSERT INTO CLIENTE_RECETA(ID_CLIENTE,NOMBRE,APELLIDO_MATERNO,APELLIDO_PATERNO,ID_RECETA)VALUES(46,'JUAN CIRILO','MENDOZA','MEJIA',10);


INSERT INTO COMPRA_INFORMACION_SUCVEN(SUCURSAL,VENDEDOR)VALUES(1,1);
INSERT INTO COMPRA_INFORMACION_SUCVEN(SUCURSAL,VENDEDOR)VALUES(2,2);
INSERT INTO COMPRA_INFORMACION_SUCVEN(SUCURSAL,VENDEDOR)VALUES(3,3);
INSERT INTO COMPRA_INFORMACION_SUCVEN(SUCURSAL,VENDEDOR)VALUES(4,4);
INSERT INTO COMPRA_INFORMACION_SUCVEN(SUCURSAL,VENDEDOR)VALUES(5,5);
INSERT INTO COMPRA_INFORMACION_SUCVEN(SUCURSAL,VENDEDOR)VALUES(1,1);
INSERT INTO COMPRA_INFORMACION_SUCVEN(SUCURSAL,VENDEDOR)VALUES(2,2);
INSERT INTO COMPRA_INFORMACION_SUCVEN(SUCURSAL,VENDEDOR)VALUES(3,3);
INSERT INTO COMPRA_INFORMACION_SUCVEN(SUCURSAL,VENDEDOR)VALUES(4,4);
INSERT INTO COMPRA_INFORMACION_SUCVEN(SUCURSAL,VENDEDOR)VALUES(5,5);
INSERT INTO COMPRA_INFORMACION_SUCVEN(SUCURSAL,VENDEDOR)VALUES(1,1);
INSERT INTO COMPRA_INFORMACION_SUCVEN(SUCURSAL,VENDEDOR)VALUES(2,2);
INSERT INTO COMPRA_INFORMACION_SUCVEN(SUCURSAL,VENDEDOR)VALUES(3,3);
INSERT INTO COMPRA_INFORMACION_SUCVEN(SUCURSAL,VENDEDOR)VALUES(4,4);
INSERT INTO COMPRA_INFORMACION_SUCVEN(SUCURSAL,VENDEDOR)VALUES(5,5);
INSERT INTO COMPRA_INFORMACION_SUCVEN(SUCURSAL,VENDEDOR)VALUES(1,1);
INSERT INTO COMPRA_INFORMACION_SUCVEN(SUCURSAL,VENDEDOR)VALUES(2,2);
INSERT INTO COMPRA_INFORMACION_SUCVEN(SUCURSAL,VENDEDOR)VALUES(3,3);
INSERT INTO COMPRA_INFORMACION_SUCVEN(SUCURSAL,VENDEDOR)VALUES(4,4);
INSERT INTO COMPRA_INFORMACION_SUCVEN(SUCURSAL,VENDEDOR)VALUES(5,5);
INSERT INTO COMPRA_INFORMACION_SUCVEN(SUCURSAL,VENDEDOR)VALUES(1,1);
INSERT INTO COMPRA_INFORMACION_SUCVEN(SUCURSAL,VENDEDOR)VALUES(2,2);
INSERT INTO COMPRA_INFORMACION_SUCVEN(SUCURSAL,VENDEDOR)VALUES(3,3);
INSERT INTO COMPRA_INFORMACION_SUCVEN(SUCURSAL,VENDEDOR)VALUES(4,4);
INSERT INTO COMPRA_INFORMACION_SUCVEN(SUCURSAL,VENDEDOR)VALUES(5,5);
INSERT INTO COMPRA_INFORMACION_SUCVEN(SUCURSAL,VENDEDOR)VALUES(1,1);
INSERT INTO COMPRA_INFORMACION_SUCVEN(SUCURSAL,VENDEDOR)VALUES(2,2);
INSERT INTO COMPRA_INFORMACION_SUCVEN(SUCURSAL,VENDEDOR)VALUES(3,3);
INSERT INTO COMPRA_INFORMACION_SUCVEN(SUCURSAL,VENDEDOR)VALUES(4,4);
INSERT INTO COMPRA_INFORMACION_SUCVEN(SUCURSAL,VENDEDOR)VALUES(5,5);
INSERT INTO COMPRA_INFORMACION_SUCVEN(SUCURSAL,VENDEDOR)VALUES(1,1);
INSERT INTO COMPRA_INFORMACION_SUCVEN(SUCURSAL,VENDEDOR)VALUES(2,2);
INSERT INTO COMPRA_INFORMACION_SUCVEN(SUCURSAL,VENDEDOR)VALUES(3,3);
INSERT INTO COMPRA_INFORMACION_SUCVEN(SUCURSAL,VENDEDOR)VALUES(4,4);
INSERT INTO COMPRA_INFORMACION_SUCVEN(SUCURSAL,VENDEDOR)VALUES(5,5);
INSERT INTO COMPRA_INFORMACION_SUCVEN(SUCURSAL,VENDEDOR)VALUES(1,1);
INSERT INTO COMPRA_INFORMACION_SUCVEN(SUCURSAL,VENDEDOR)VALUES(2,2);
INSERT INTO COMPRA_INFORMACION_SUCVEN(SUCURSAL,VENDEDOR)VALUES(3,3);
INSERT INTO COMPRA_INFORMACION_SUCVEN(SUCURSAL,VENDEDOR)VALUES(4,4);
INSERT INTO COMPRA_INFORMACION_SUCVEN(SUCURSAL,VENDEDOR)VALUES(5,5);
INSERT INTO COMPRA_INFORMACION_SUCVEN(SUCURSAL,VENDEDOR)VALUES(1,1);
INSERT INTO COMPRA_INFORMACION_SUCVEN(SUCURSAL,VENDEDOR)VALUES(2,2);
INSERT INTO COMPRA_INFORMACION_SUCVEN(SUCURSAL,VENDEDOR)VALUES(3,3);
INSERT INTO COMPRA_INFORMACION_SUCVEN(SUCURSAL,VENDEDOR)VALUES(4,4);
INSERT INTO COMPRA_INFORMACION_SUCVEN(SUCURSAL,VENDEDOR)VALUES(5,5);
INSERT INTO COMPRA_INFORMACION_SUCVEN(SUCURSAL,VENDEDOR)VALUES(1,1);
INSERT INTO COMPRA_INFORMACION_SUCVEN(SUCURSAL,VENDEDOR)VALUES(2,2);
INSERT INTO COMPRA_INFORMACION_SUCVEN(SUCURSAL,VENDEDOR)VALUES(3,3);
INSERT INTO COMPRA_INFORMACION_SUCVEN(SUCURSAL,VENDEDOR)VALUES(4,4);
INSERT INTO COMPRA_INFORMACION_SUCVEN(SUCURSAL,VENDEDOR)VALUES(5,5);


INSERT INTO COMPRA_INFORMACION_GENERAL(NO_RECETA,SUCURSAL,VENDEDOR,FECHA,TOTAL,TIPO_PAGO)VALUES(1,1,1,TO_DATE('2003/05/03 21:02:44', 'yyyy/mm/dd hh24:mi:ss'),126.50,'Efectivo');
INSERT INTO COMPRA_INFORMACION_GENERAL(NO_RECETA,SUCURSAL,VENDEDOR,FECHA,TOTAL,TIPO_PAGO)VALUES(2,2,2,TO_DATE('2001/04/06 13:03:54', 'yyyy/mm/dd hh24:mi:ss',26.00,'Efectivo');
INSERT INTO COMPRA_INFORMACION_GENERAL(NO_RECETA,SUCURSAL,VENDEDOR,FECHA,TOTAL,TIPO_PAGO)VALUES(3,3,3,TO_DATE('2000/13/23 12:32:54', 'yyyy/mm/dd hh24:mi:ss',29.00,'Tarjeta de Credito');
INSERT INTO COMPRA_INFORMACION_GENERAL(NO_RECETA,SUCURSAL,VENDEDOR,FECHA,TOTAL,TIPO_PAGO)VALUES(4,4,4,TO_DATE('2008/09/13 23:45:00', 'yyyy/mm/dd hh24:mi:ss',140.00,'Monedero');
INSERT INTO COMPRA_INFORMACION_GENERAL(NO_RECETA,SUCURSAL,VENDEDOR,FECHA,TOTAL,TIPO_PAGO)VALUES(5,5,5,TO_DATE('2001/11/19 09:12:44', 'yyyy/mm/dd hh24:mi:ss',35.00,'Efectivo');
INSERT INTO COMPRA_INFORMACION_GENERAL(NO_RECETA,SUCURSAL,VENDEDOR,FECHA,TOTAL,TIPO_PAGO)VALUES(6,1,1,TO_DATE('2010/05/03 13:05:04', 'yyyy/mm/dd hh24:mi:ss',126.50,'Monedero y Efectivo');
INSERT INTO COMPRA_INFORMACION_GENERAL(NO_RECETA,SUCURSAL,VENDEDOR,FECHA,TOTAL,TIPO_PAGO)VALUES(7,2,2,TO_DATE('2012/10/20 14:59:44', 'yyyy/mm/dd hh24:mi:ss',35.00,'Monedero y Tarjeta');
INSERT INTO COMPRA_INFORMACION_GENERAL(NO_RECETA,SUCURSAL,VENDEDOR,FECHA,TOTAL,TIPO_PAGO)VALUES(8,3,3,TO_DATE('2006/01/01 21:52:44', 'yyyy/mm/dd hh24:mi:ss',140.00,'Tarjeta de Credito');
INSERT INTO COMPRA_INFORMACION_GENERAL(NO_RECETA,SUCURSAL,VENDEDOR,FECHA,TOTAL,TIPO_PAGO)VALUES(9,4,4,TO_DATE('2009/02/13 08:12:44', 'yyyy/mm/dd hh24:mi:ss',35.00,'Efectivo');
INSERT INTO COMPRA_INFORMACION_GENERAL(NO_RECETA,SUCURSAL,VENDEDOR,FECHA,TOTAL,TIPO_PAGO)VALUES(10,5,5,TO_DATE('2006/01/01 11:42:24', 'yyyy/mm/dd hh24:mi:ss',35.00,'Monedero');
INSERT INTO COMPRA_INFORMACION_GENERAL(NO_RECETA,SUCURSAL,VENDEDOR,FECHA,TOTAL,TIPO_PAGO)VALUES(11,1,1,TO_DATE('2002/01/14 20:04:54', 'yyyy/mm/dd hh24:mi:ss',26.00,'Monedero');
INSERT INTO COMPRA_INFORMACION_GENERAL(NO_RECETA,SUCURSAL,VENDEDOR,FECHA,TOTAL,TIPO_PAGO)VALUES(12,2,2,TO_DATE('2009/05/13 21:03:34', 'yyyy/mm/dd hh24:mi:ss',50.00,'Monedero y Efectivo');
INSERT INTO COMPRA_INFORMACION_GENERAL(NO_RECETA,SUCURSAL,VENDEDOR,FECHA,TOTAL,TIPO_PAGO)VALUES(13,3,3,TO_DATE('2004/05/03 21:02:44', 'yyyy/mm/dd hh24:mi:ss',126.50,'Efectivo');
INSERT INTO COMPRA_INFORMACION_GENERAL(NO_RECETA,SUCURSAL,VENDEDOR,FECHA,TOTAL,TIPO_PAGO)VALUES(14,4,4,TO_DATE('2001/05/03 21:02:44', 'yyyy/mm/dd hh24:mi:ss',50.00,'Monedero y Efectivo');
INSERT INTO COMPRA_INFORMACION_GENERAL(NO_RECETA,SUCURSAL,VENDEDOR,FECHA,TOTAL,TIPO_PAGO)VALUES(15,5,5,TO_DATE('2000/05/03 21:02:44', 'yyyy/mm/dd hh24:mi:ss',29.00,'Monedero y Efectivo');
INSERT INTO COMPRA_INFORMACION_GENERAL(NO_RECETA,SUCURSAL,VENDEDOR,FECHA,TOTAL,TIPO_PAGO)VALUES(16,1,1,TO_DATE('2001/06/13 23:32:14', 'yyyy/mm/dd hh24:mi:ss',50.00,'Monedero y Tarjeta');
INSERT INTO COMPRA_INFORMACION_GENERAL(NO_RECETA,SUCURSAL,VENDEDOR,FECHA,TOTAL,TIPO_PAGO)VALUES(17,2,2,TO_DATE('2002/01/31 04:32:44', 'yyyy/mm/dd hh24:mi:ss',50.00,'Efectivo');
INSERT INTO COMPRA_INFORMACION_GENERAL(NO_RECETA,SUCURSAL,VENDEDOR,FECHA,TOTAL,TIPO_PAGO)VALUES(18,3,3,TO_DATE('2007/04/07 01:01:12', 'yyyy/mm/dd hh24:mi:ss',26.00,'Monedero y Tarjeta');
INSERT INTO COMPRA_INFORMACION_GENERAL(NO_RECETA,SUCURSAL,VENDEDOR,FECHA,TOTAL,TIPO_PAGO)VALUES(19,4,4,TO_DATE('2003/05/03 21:03:44', 'yyyy/mm/dd hh24:mi:ss',50.00,'Monedero y Tarjeta');
INSERT INTO COMPRA_INFORMACION_GENERAL(NO_RECETA,SUCURSAL,VENDEDOR,FECHA,TOTAL,TIPO_PAGO)VALUES(20,5,5,TO_DATE('2003/05/03 21:12:44', 'yyyy/mm/dd hh24:mi:ss',29.00,'Efectivo');
INSERT INTO COMPRA_INFORMACION_GENERAL(NO_RECETA,SUCURSAL,VENDEDOR,FECHA,TOTAL,TIPO_PAGO)VALUES(21,1,1,TO_DATE('2003/05/03 21:42:44', 'yyyy/mm/dd hh24:mi:ss',50.00,'Monedero y Efectivo');
INSERT INTO COMPRA_INFORMACION_GENERAL(NO_RECETA,SUCURSAL,VENDEDOR,FECHA,TOTAL,TIPO_PAGO)VALUES(22,2,2,TO_DATE('2003/05/03 21:32:44', 'yyyy/mm/dd hh24:mi:ss',50.00,'Tarjeta de Credito');
INSERT INTO COMPRA_INFORMACION_GENERAL(NO_RECETA,SUCURSAL,VENDEDOR,FECHA,TOTAL,TIPO_PAGO)VALUES(23,3,3,TO_DATE('2013/07/03 21:02:44', 'yyyy/mm/dd hh24:mi:ss',140.00,'Monedero y Tarjeta');
INSERT INTO COMPRA_INFORMACION_GENERAL(NO_RECETA,SUCURSAL,VENDEDOR,FECHA,TOTAL,TIPO_PAGO)VALUES(24,4,4,TO_DATE('2018/03/01 23:04:14', 'yyyy/mm/dd hh24:mi:ss',50.00,'Monedero');
INSERT INTO COMPRA_INFORMACION_GENERAL(NO_RECETA,SUCURSAL,VENDEDOR,FECHA,TOTAL,TIPO_PAGO)VALUES(25,5,5,TO_DATE('2002/07/01 20:01:44', 'yyyy/mm/dd hh24:mi:ss',126.50,'Monedero y Efectivo');
INSERT INTO COMPRA_INFORMACION_GENERAL(NO_RECETA,SUCURSAL,VENDEDOR,FECHA,TOTAL,TIPO_PAGO)VALUES(26,1,1,TO_DATE('2011/12/23 12:04:54', 'yyyy/mm/dd hh24:mi:ss',50.00,'Monedero y Tarjeta');
INSERT INTO COMPRA_INFORMACION_GENERAL(NO_RECETA,SUCURSAL,VENDEDOR,FECHA,TOTAL,TIPO_PAGO)VALUES(27,2,2,TO_DATE('2013/11/11 11:12:14', 'yyyy/mm/dd hh24:mi:ss',29.00,'Monedero y Tarjeta');
INSERT INTO COMPRA_INFORMACION_GENERAL(NO_RECETA,SUCURSAL,VENDEDOR,FECHA,TOTAL,TIPO_PAGO)VALUES(28,3,3,TO_DATE('2016/01/03 10:01:24', 'yyyy/mm/dd hh24:mi:ss',50.00,'Tarjeta de Credito');
INSERT INTO COMPRA_INFORMACION_GENERAL(NO_RECETA,SUCURSAL,VENDEDOR,FECHA,TOTAL,TIPO_PAGO)VALUES(29,4,4,TO_DATE('2012/06/13 11:42:24', 'yyyy/mm/dd hh24:mi:ss',35.00,'Monedero y Tarjeta');
INSERT INTO COMPRA_INFORMACION_GENERAL(NO_RECETA,SUCURSAL,VENDEDOR,FECHA,TOTAL,TIPO_PAGO)VALUES(30,5,5,TO_DATE('2014/05/25 11:04:24', 'yyyy/mm/dd hh24:mi:ss',50.00,'Monedero');
INSERT INTO COMPRA_INFORMACION_GENERAL(NO_RECETA,SUCURSAL,VENDEDOR,FECHA,TOTAL,TIPO_PAGO)VALUES(31,1,1,TO_DATE('2013/09/23 11:42:54', 'yyyy/mm/dd hh24:mi:ss',50.00,'Efectivo');
INSERT INTO COMPRA_INFORMACION_GENERAL(NO_RECETA,SUCURSAL,VENDEDOR,FECHA,TOTAL,TIPO_PAGO)VALUES(32,2,2,TO_DATE('2002/02/23 11:22:00', 'yyyy/mm/dd hh24:mi:ss',26.00,'Monedero y Efectivo');
INSERT INTO COMPRA_INFORMACION_GENERAL(NO_RECETA,SUCURSAL,VENDEDOR,FECHA,TOTAL,TIPO_PAGO)VALUES(33,3,3,TO_DATE('2012/06/13 09:03:42', 'yyyy/mm/dd hh24:mi:ss',35.00,'Monedero y Tarjeta');
INSERT INTO COMPRA_INFORMACION_GENERAL(NO_RECETA,SUCURSAL,VENDEDOR,FECHA,TOTAL,TIPO_PAGO)VALUES(34,4,4,TO_DATE('2010/08/19 19:22:54', 'yyyy/mm/dd hh24:mi:ss',50.00,'Monedero y Efectivo');
INSERT INTO COMPRA_INFORMACION_GENERAL(NO_RECETA,SUCURSAL,VENDEDOR,FECHA,TOTAL,TIPO_PAGO)VALUES(35,5,5,TO_DATE('2012/03/02 11:22:14', 'yyyy/mm/dd hh24:mi:ss',35.00,'Monedero y Efectivo');
INSERT INTO COMPRA_INFORMACION_GENERAL(NO_RECETA,SUCURSAL,VENDEDOR,FECHA,TOTAL,TIPO_PAGO)VALUES(36,1,1,TO_DATE('2004/12/03 01:32:54', 'yyyy/mm/dd hh24:mi:ss',126.50,'Efectivo');
INSERT INTO COMPRA_INFORMACION_GENERAL(NO_RECETA,SUCURSAL,VENDEDOR,FECHA,TOTAL,TIPO_PAGO)VALUES(37,2,2,TO_DATE('2005/11/19 09:02:44', 'yyyy/mm/dd hh24:mi:ss',140.00,'Efectivo');
INSERT INTO COMPRA_INFORMACION_GENERAL(NO_RECETA,SUCURSAL,VENDEDOR,FECHA,TOTAL,TIPO_PAGO)VALUES(38,3,3,TO_DATE('2006/08/09 10:42:44', 'yyyy/mm/dd hh24:mi:ss',50.00,'Monedero y Efectivo');
INSERT INTO COMPRA_INFORMACION_GENERAL(NO_RECETA,SUCURSAL,VENDEDOR,FECHA,TOTAL,TIPO_PAGO)VALUES(39,4,4,TO_DATE('2001/06/13 13:42:04', 'yyyy/mm/dd hh24:mi:ss',50.00,'Monedero y Tarjeta');
INSERT INTO COMPRA_INFORMACION_GENERAL(NO_RECETA,SUCURSAL,VENDEDOR,FECHA,TOTAL,TIPO_PAGO)VALUES(40,5,5,TO_DATE('2005/01/25 18:22:54', 'yyyy/mm/dd hh24:mi:ss',26.00,'Tarjeta de Credito');
INSERT INTO COMPRA_INFORMACION_GENERAL(NO_RECETA,SUCURSAL,VENDEDOR,FECHA,TOTAL,TIPO_PAGO)VALUES(41,1,1,TO_DATE('2002/05/03 21:02:44', 'yyyy/mm/dd hh24:mi:ss',29.00,'Efectivo');
INSERT INTO COMPRA_INFORMACION_GENERAL(NO_RECETA,SUCURSAL,VENDEDOR,FECHA,TOTAL,TIPO_PAGO)VALUES(42,2,2,TO_DATE('2004/05/13 21:02:44', 'yyyy/mm/dd hh24:mi:ss',50.00,'Monedero y Efectivo');
INSERT INTO COMPRA_INFORMACION_GENERAL(NO_RECETA,SUCURSAL,VENDEDOR,FECHA,TOTAL,TIPO_PAGO)VALUES(43,3,3,TO_DATE('2010/04/30 23:12:24', 'yyyy/mm/dd hh24:mi:ss',140.00,'Monedero y Tarjeta');
INSERT INTO COMPRA_INFORMACION_GENERAL(NO_RECETA,SUCURSAL,VENDEDOR,FECHA,TOTAL,TIPO_PAGO)VALUES(44,4,4,TO_DATE('2015/02/21 07:12:34', 'yyyy/mm/dd hh24:mi:ss',50.00,'Efectivo');
INSERT INTO COMPRA_INFORMACION_GENERAL(NO_RECETA,SUCURSAL,VENDEDOR,FECHA,TOTAL,TIPO_PAGO)VALUES(45,5,5,TO_DATE('2004/05/03 21:02:44', 'yyyy/mm/dd hh24:mi:ss',35.00,'Monedero y Efectivo');
INSERT INTO COMPRA_INFORMACION_GENERAL(NO_RECETA,SUCURSAL,VENDEDOR,FECHA,TOTAL,TIPO_PAGO)VALUES(46,1,1,TO_DATE('2009/19/13 20:22:14', 'yyyy/mm/dd hh24:mi:ss',126.50,'Monedero y Efectivo');
INSERT INTO COMPRA_INFORMACION_GENERAL(NO_RECETA,SUCURSAL,VENDEDOR,FECHA,TOTAL,TIPO_PAGO)VALUES(47,2,2,TO_DATE('2011/08/28 21:09:24', 'yyyy/mm/dd hh24:mi:ss',50.00,'Efectivo');
INSERT INTO COMPRA_INFORMACION_GENERAL(NO_RECETA,SUCURSAL,VENDEDOR,FECHA,TOTAL,TIPO_PAGO)VALUES(48,3,3,TO_DATE('2017/10/09 09:22:42', 'yyyy/mm/dd hh24:mi:ss',29.00,'Tarjeta de Credito');
INSERT INTO COMPRA_INFORMACION_GENERAL(NO_RECETA,SUCURSAL,VENDEDOR,FECHA,TOTAL,TIPO_PAGO)VALUES(49,4,4,TO_DATE('2018/01/29 19:32:04', 'yyyy/mm/dd hh24:mi:ss',140.00,'Monedero y Efectivo');
INSERT INTO COMPRA_INFORMACION_GENERAL(NO_RECETA,SUCURSAL,VENDEDOR,FECHA,TOTAL,TIPO_PAGO)VALUES(50,5,5,TO_DATE('2000/03/21 09:52:34', 'yyyy/mm/dd hh24:mi:ss',26.00,'Efectivo');


INSERT INTO EMPLEADO_SUCURSAL(ID_CLIENTE,NO_SEGURO_SOCIAL,RFC,NOMBRE,APELLIDO_PATERNO,APELLIDO_MATERNO,ID_SUCURSAL)VALUES(1,'12-34-56-7890-0','CACM731105H8A','MARCO ANTONIO','CHAVEZ','CHAVEZ');
INSERT INTO EMPLEADO_SUCURSAL(ID_CLIENTE,NO_SEGURO_SOCIAL,RFC,NOMBRE,APELLIDO_PATERNO,APELLIDO_MATERNO,ID_SUCURSAL)VALUES(2',13-45-67-3456-7','BEHJ8807044Q9','JUAN GERONIMO','BECERRA','HUERTAS');
INSERT INTO EMPLEADO_SUCURSAL(ID_CLIENTE,NO_SEGURO_SOCIAL,RFC,NOMBRE,APELLIDO_PATERNO,APELLIDO_MATERNO,ID_SUCURSAL)VALUES(3,'16-34-89-2367-1','AULA0804095B7','ARTURO','AGUILAR','LOPEZ');
INSERT INTO EMPLEADO_SUCURSAL(ID_CLIENTE,NO_SEGURO_SOCIAL,RFC,NOMBRE,APELLIDO_PATERNO,APELLIDO_MATERNO,ID_SUCURSAL)VALUES(4,'13-45-61-4689-3','SASG850327IF4','GUILLERMO','SALAS','SANCHEZ');
INSERT INTO EMPLEADO_SUCURSAL(ID_CLIENTE,NO_SEGURO_SOCIAL,RFC,NOMBRE,APELLIDO_PATERNO,APELLIDO_MATERNO,ID_SUCURSAL)VALUES(5,'19-45-78-1256-6','GOVD501011676','DANIEL','GONZALEZ','VILLAVICENCIO');
INSERT INTO EMPLEADO_SUCURSAL(ID_CLIENTE,NO_SEGURO_SOCIAL,RFC,NOMBRE,APELLIDO_PATERNO,APELLIDO_MATERNO,ID_SUCURSAL)VALUES(6,'12-67-90-1256-5','BACR9206298D9','ROBERTO','BACA','CORTES');
INSERT INTO EMPLEADO_SUCURSAL(ID_CLIENTE,NO_SEGURO_SOCIAL,RFC,NOMBRE,APELLIDO_PATERNO,APELLIDO_MATERNO,ID_SUCURSAL)VALUES(7,'11-56-90-0931-1','BALA000112KJ4','ARMANDO ALFREDO','BASILIO','LOPEZ');
INSERT INTO EMPLEADO_SUCURSAL(ID_CLIENTE,NO_SEGURO_SOCIAL,RFC,NOMBRE,APELLIDO_PATERNO,APELLIDO_MATERNO,ID_SUCURSAL)VALUES(8,'14-56-89-3112-4','MAMA870826G14','ALEJANDRO','MARTINEZ','MORALES');
INSERT INTO EMPLEADO_SUCURSAL(ID_CLIENTE,NO_SEGURO_SOCIAL,RFC,NOMBRE,APELLIDO_PATERNO,APELLIDO_MATERNO,ID_SUCURSAL)VALUES(9,'18-23-56-6134-1','ROPR030923R99','RAUL','RODRIGUEZ','PABLO');
INSERT INTO EMPLEADO_SUCURSAL(ID_CLIENTE,NO_SEGURO_SOCIAL,RFC,NOMBRE,APELLIDO_PATERNO,APELLIDO_MATERNO,ID_SUCURSAL)VALUES(10,'14-78-41-6532-0','ROPA980408TT7','ADRIAN','ROMAN','PADILLA');
INSERT INTO EMPLEADO_SUCURSAL(ID_CLIENTE,NO_SEGURO_SOCIAL,RFC,NOMBRE,APELLIDO_PATERNO,APELLIDO_MATERNO,ID_SUCURSAL)VALUES(11,'14-35-63-1256-3','VAPI670210FG4','IVAN FRANCISCO','VALADEZ','PEREA');
INSERT INTO EMPLEADO_SUCURSAL(ID_CLIENTE,NO_SEGURO_SOCIAL,RFC,NOMBRE,APELLIDO_PATERNO,APELLIDO_MATERNO,ID_SUCURSAL)VALUES(12,'35-23-53-5234-7','LOMA811207E13','ARMANDO','LOZANO','MADRID');
INSERT INTO EMPLEADO_SUCURSAL(ID_CLIENTE,NO_SEGURO_SOCIAL,RFC,NOMBRE,APELLIDO_PATERNO,APELLIDO_MATERNO,ID_SUCURSAL)VALUES(13,'34-52-56-7534-2','NEBR970722FA3','ROBERTO','NECHA','BONILLA');
INSERT INTO EMPLEADO_SUCURSAL(ID_CLIENTE,NO_SEGURO_SOCIAL,RFC,NOMBRE,APELLIDO_PATERNO,APELLIDO_MATERNO,ID_SUCURSAL)VALUES(14,'34-32-54-6464-5','NECE600421SZ0','ELOY','VARA','CARRILLO');
INSERT INTO EMPLEADO_SUCURSAL(ID_CLIENTE,NO_SEGURO_SOCIAL,RFC,NOMBRE,APELLIDO_PATERNO,APELLIDO_MATERNO,ID_SUCURSAL)VALUES(15,'31-54-54-6541-4','ROAJ10102782A','JUAN','RODRIGUEZ','ARRIAGA');
INSERT INTO EMPLEADO_SUCURSAL(ID_CLIENTE,NO_SEGURO_SOCIAL,RFC,NOMBRE,APELLIDO_PATERNO,APELLIDO_MATERNO,ID_SUCURSAL)VALUES(16,'45-32-45-4572-4','ZECE770221IF7','EDUARDO','ZEPEDA','CORONA');
INSERT INTO EMPLEADO_SUCURSAL(ID_CLIENTE,NO_SEGURO_SOCIAL,RFC,NOMBRE,APELLIDO_PATERNO,APELLIDO_MATERNO,ID_SUCURSAL)VALUES(17,'12-33-54-4523-5','AAMJ470808BJA','JUAN JOSE','ALVA','MARTINEZ');
INSERT INTO EMPLEADO_SUCURSAL(ID_CLIENTE,NO_SEGURO_SOCIAL,RFC,NOMBRE,APELLIDO_PATERNO,APELLIDO_MATERNO,ID_SUCURSAL)VALUES(18,'32-35-52-1203-5','FOMO820217LV7','OSCAR','FLORES','MEJIA');
INSERT INTO EMPLEADO_SUCURSAL(ID_CLIENTE,NO_SEGURO_SOCIAL,RFC,NOMBRE,APELLIDO_PATERNO,APELLIDO_MATERNO,ID_SUCURSAL)VALUES(19,'12-45-78-5423-6','MONJ941004311','JUAN JOSE','MONTUFAR','NAVARRO');
INSERT INTO EMPLEADO_SUCURSAL(ID_CLIENTE,NO_SEGURO_SOCIAL,RFC,NOMBRE,APELLIDO_PATERNO,APELLIDO_MATERNO,ID_SUCURSAL)VALUES(20,'23-56-86-2323-7','YOPB8305151Z9','BENJAMIN','YONEKAWA','PEREZ');
INSERT INTO EMPLEADO_SUCURSAL(ID_CLIENTE,NO_SEGURO_SOCIAL,RFC,NOMBRE,APELLIDO_PATERNO,APELLIDO_MATERNO,ID_SUCURSAL)VALUES(21,'21-45-32-4565-1','CERA601225T26','ALEJANDRO','CERON','RODRIGUEZ');
INSERT INTO EMPLEADO_SUCURSAL(ID_CLIENTE,NO_SEGURO_SOCIAL,RFC,NOMBRE,APELLIDO_PATERNO,APELLIDO_MATERNO,ID_SUCURSAL)VALUES(22,'21-45-64-4121-3','FACS9107181Y1','SALVADOR','FRANCO','CERVANTES');
INSERT INTO EMPLEADO_SUCURSAL(ID_CLIENTE,NO_SEGURO_SOCIAL,RFC,NOMBRE,APELLIDO_PATERNO,APELLIDO_MATERNO,ID_SUCURSAL)VALUES(23,'21-43-42-5632-3','SESJ0206034I0','JESUS','SEGURA','SANTIAGO');
INSERT INTO EMPLEADO_SUCURSAL(ID_CLIENTE,NO_SEGURO_SOCIAL,RFC,NOMBRE,APELLIDO_PATERNO,APELLIDO_MATERNO,ID_SUCURSAL)VALUES(24,'32-12-42-3221-4','SURJ910815LIA','JUAN','SUAREZ','RANGEL');
INSERT INTO EMPLEADO_SUCURSAL(ID_CLIENTE,NO_SEGURO_SOCIAL,RFC,NOMBRE,APELLIDO_PATERNO,APELLIDO_MATERNO,ID_SUCURSAL)VALUES(25,'43-32-32-1209-5','PAVA950908G52','ARMANDO','PADRON','VILLELA');


INSERT INTO MEDICAMENTO_COMPRA(MARCA,NOMBRE,PRECIO,ESPECIALIDAD,ID_COMPRA)VALUES('AMOXIL','Amoxilina',126.50,'No',1);
INSERT INTO MEDICAMENTO_COMPRA(MARCA,NOMBRE,PRECIO,ESPECIALIDAD,ID_COMPRA)VALUES('Bayer','Aspirina',26.00,'No',2);
INSERT INTO MEDICAMENTO_COMPRA(MARCA,NOMBRE,PRECIO,ESPECIALIDAD,ID_COMPRA)VALUES('Voltaren','Diclofenaco',29.00,'No',3);
INSERT INTO MEDICAMENTO_COMPRA(MARCA,NOMBRE,PRECIO,ESPECIALIDAD,ID_COMPRA)VALUES('Ultram','Tramadol',140.00,'No',4);
INSERT INTO MEDICAMENTO_COMPRA(MARCA,NOMBRE,PRECIO,ESPECIALIDAD,ID_COMPRA)VALUES('ADVIL','Ibuprofeno',35.00,'No',5);
INSERT INTO MEDICAMENTO_COMPRA(MARCA,NOMBRE,PRECIO,ESPECIALIDAD,ID_COMPRA)VALUES('AMOXIL','Amoxilina',126.50,'No',6);
INSERT INTO MEDICAMENTO_COMPRA(MARCA,NOMBRE,PRECIO,ESPECIALIDAD,ID_COMPRA)VALUES('ADVIL','Ibuprofeno',35.00,'No',7);
INSERT INTO MEDICAMENTO_COMPRA(MARCA,NOMBRE,PRECIO,ESPECIALIDAD,ID_COMPRA)VALUES('Ultram','Tramadol',140.00,'No',8);
INSERT INTO MEDICAMENTO_COMPRA(MARCA,NOMBRE,PRECIO,ESPECIALIDAD,ID_COMPRA)VALUES('ADVIL','Ibuprofeno',35.00,'No',9);
INSERT INTO MEDICAMENTO_COMPRA(MARCA,NOMBRE,PRECIO,ESPECIALIDAD,ID_COMPRA)VALUES('ADVIL','Ibuprofeno',35.00,'No',10);
INSERT INTO MEDICAMENTO_COMPRA(MARCA,NOMBRE,PRECIO,ESPECIALIDAD,ID_COMPRA)VALUES('Bayer','Aspirina',26.00,'No',11);
INSERT INTO MEDICAMENTO_COMPRA(MARCA,NOMBRE,PRECIO,ESPECIALIDAD,ID_COMPRA)VALUES('Aquasol A','Vitamina A',50.00,'No',12);
INSERT INTO MEDICAMENTO_COMPRA(MARCA,NOMBRE,PRECIO,ESPECIALIDAD,ID_COMPRA)VALUES('AMOXIL','Amoxilina',126.50,'No',13);
INSERT INTO MEDICAMENTO_COMPRA(MARCA,NOMBRE,PRECIO,ESPECIALIDAD,ID_COMPRA)VALUES('Aquasol A','Vitamina A',50.00,'No',14);
INSERT INTO MEDICAMENTO_COMPRA(MARCA,NOMBRE,PRECIO,ESPECIALIDAD,ID_COMPRA)VALUES('Voltaren','Diclofenaco',29.00,'No',15);
INSERT INTO MEDICAMENTO_COMPRA(MARCA,NOMBRE,PRECIO,ESPECIALIDAD,ID_COMPRA)VALUES('Aquasol A','Vitamina A',50.00,'No',16);
INSERT INTO MEDICAMENTO_COMPRA(MARCA,NOMBRE,PRECIO,ESPECIALIDAD,ID_COMPRA)VALUES('Aquasol A','Vitamina A',50.00,'No',17);
INSERT INTO MEDICAMENTO_COMPRA(MARCA,NOMBRE,PRECIO,ESPECIALIDAD,ID_COMPRA)VALUES('Bayer','Aspirina',26.00,'No',18);
INSERT INTO MEDICAMENTO_COMPRA(MARCA,NOMBRE,PRECIO,ESPECIALIDAD,ID_COMPRA)VALUES('Aquasol A','Vitamina A',50.00,'No',19);
INSERT INTO MEDICAMENTO_COMPRA(MARCA,NOMBRE,PRECIO,ESPECIALIDAD,ID_COMPRA)VALUES('Voltaren','Diclofenaco',29.00,'No',20);
INSERT INTO MEDICAMENTO_COMPRA(MARCA,NOMBRE,PRECIO,ESPECIALIDAD,ID_COMPRA)VALUES('Aquasol A','Vitamina A',50.00,'No',21);
INSERT INTO MEDICAMENTO_COMPRA(MARCA,NOMBRE,PRECIO,ESPECIALIDAD,ID_COMPRA)VALUES('Aquasol A','Vitamina A',50.00,'No',22);
INSERT INTO MEDICAMENTO_COMPRA(MARCA,NOMBRE,PRECIO,ESPECIALIDAD,ID_COMPRA)VALUES('Ultram','Tramadol',140.00,'No',23);
INSERT INTO MEDICAMENTO_COMPRA(MARCA,NOMBRE,PRECIO,ESPECIALIDAD,ID_COMPRA)VALUES('Aquasol A','Vitamina A',50.00,'No',24);
INSERT INTO MEDICAMENTO_COMPRA(MARCA,NOMBRE,PRECIO,ESPECIALIDAD,ID_COMPRA)VALUES('AMOXIL','Amoxilina',126.50,'No',25);
INSERT INTO MEDICAMENTO_COMPRA(MARCA,NOMBRE,PRECIO,ESPECIALIDAD,ID_COMPRA)VALUES('Aquasol A','Vitamina A',50.00,'No',26);
INSERT INTO MEDICAMENTO_COMPRA(MARCA,NOMBRE,PRECIO,ESPECIALIDAD,ID_COMPRA)VALUES('Voltaren','Diclofenaco',29.00,'No',27);
INSERT INTO MEDICAMENTO_COMPRA(MARCA,NOMBRE,PRECIO,ESPECIALIDAD,ID_COMPRA)VALUES('Aquasol A','Vitamina A',50.00,'No',28);
INSERT INTO MEDICAMENTO_COMPRA(MARCA,NOMBRE,PRECIO,ESPECIALIDAD,ID_COMPRA)VALUES('ADVIL','Ibuprofeno',35.00,'No',29);
INSERT INTO MEDICAMENTO_COMPRA(MARCA,NOMBRE,PRECIO,ESPECIALIDAD,ID_COMPRA)VALUES('Aquasol A','Vitamina A',50.00,'No',30);
INSERT INTO MEDICAMENTO_COMPRA(MARCA,NOMBRE,PRECIO,ESPECIALIDAD,ID_COMPRA)VALUES('Aquasol A','Vitamina A',50.00,'No',31);
INSERT INTO MEDICAMENTO_COMPRA(MARCA,NOMBRE,PRECIO,ESPECIALIDAD,ID_COMPRA)VALUES('Bayer','Aspirina',26.00,'No',32);
INSERT INTO MEDICAMENTO_COMPRA(MARCA,NOMBRE,PRECIO,ESPECIALIDAD,ID_COMPRA)VALUES('ADVIL','Ibuprofeno',35.00,'No',33);
INSERT INTO MEDICAMENTO_COMPRA(MARCA,NOMBRE,PRECIO,ESPECIALIDAD,ID_COMPRA)VALUES('Aquasol A','Vitamina A',50.00,'No',34);
INSERT INTO MEDICAMENTO_COMPRA(MARCA,NOMBRE,PRECIO,ESPECIALIDAD,ID_COMPRA)VALUES('ADVIL','Ibuprofeno',35.00,'No',35);
INSERT INTO MEDICAMENTO_COMPRA(MARCA,NOMBRE,PRECIO,ESPECIALIDAD,ID_COMPRA)VALUES('AMOXIL','Amoxilina',126.50,'No',36);
INSERT INTO MEDICAMENTO_COMPRA(MARCA,NOMBRE,PRECIO,ESPECIALIDAD,ID_COMPRA)VALUES('Ultram','Tramadol',140.00,'No',37);
INSERT INTO MEDICAMENTO_COMPRA(MARCA,NOMBRE,PRECIO,ESPECIALIDAD,ID_COMPRA)VALUES('Aquasol A','Vitamina A',50.00,'No',38);
INSERT INTO MEDICAMENTO_COMPRA(MARCA,NOMBRE,PRECIO,ESPECIALIDAD,ID_COMPRA)VALUES('Aquasol A','Vitamina A',50.00,'No',39);
INSERT INTO MEDICAMENTO_COMPRA(MARCA,NOMBRE,PRECIO,ESPECIALIDAD,ID_COMPRA)VALUES('Bayer','Aspirina',26.00,'No',40);
INSERT INTO MEDICAMENTO_COMPRA(MARCA,NOMBRE,PRECIO,ESPECIALIDAD,ID_COMPRA)VALUES('Voltaren','Diclofenaco',29.00,'No',41);
INSERT INTO MEDICAMENTO_COMPRA(MARCA,NOMBRE,PRECIO,ESPECIALIDAD,ID_COMPRA)VALUES('Aquasol A','Vitamina A',50.00,'No',42);
INSERT INTO MEDICAMENTO_COMPRA(MARCA,NOMBRE,PRECIO,ESPECIALIDAD,ID_COMPRA)VALUES('Ultram','Tramadol',140.00,'No',43);
INSERT INTO MEDICAMENTO_COMPRA(MARCA,NOMBRE,PRECIO,ESPECIALIDAD,ID_COMPRA)VALUES('Aquasol A','Vitamina A',50.00,'No',44);
INSERT INTO MEDICAMENTO_COMPRA(MARCA,NOMBRE,PRECIO,ESPECIALIDAD,ID_COMPRA)VALUES('ADVIL','Ibuprofeno',35.00,'No',45);
INSERT INTO MEDICAMENTO_COMPRA(MARCA,NOMBRE,PRECIO,ESPECIALIDAD,ID_COMPRA)VALUES('AMOXIL','Amoxilina',126.50,'No',46);
INSERT INTO MEDICAMENTO_COMPRA(MARCA,NOMBRE,PRECIO,ESPECIALIDAD,ID_COMPRA)VALUES('Aquasol A','Vitamina A',50.00,'No',47);
INSERT INTO MEDICAMENTO_COMPRA(MARCA,NOMBRE,PRECIO,ESPECIALIDAD,ID_COMPRA)VALUES('Voltaren','Diclofenaco',29.00,'No',48);
INSERT INTO MEDICAMENTO_COMPRA(MARCA,NOMBRE,PRECIO,ESPECIALIDAD,ID_COMPRA)VALUES('Ultram','Tramadol',140.00,'No',49);
INSERT INTO MEDICAMENTO_COMPRA(MARCA,NOMBRE,PRECIO,ESPECIALIDAD,ID_COMPRA)VALUES('Bayer','Aspirina',26.00,'No',50);

INSERT INTO MEDICAMENTO_RECETA(MARCA,NOMBRE,PRECIO,ESPECIALIDAD,ID_RECETA,MEDICO,FIRMA)VALUES('AMOXIL','Amoxilina',126.50,'No',1);
INSERT INTO MEDICAMENTO_RECETA(MARCA,NOMBRE,PRECIO,ESPECIALIDAD,ID_RECETA,MEDICO,FIRMA)VALUES('Bayer','Aspirina',26.00,'No',2);
INSERT INTO MEDICAMENTO_RECETA(MARCA,NOMBRE,PRECIO,ESPECIALIDAD,ID_RECETA,MEDICO,FIRMA)VALUES('Voltaren','Diclofenaco',29.00,'No',3);
INSERT INTO MEDICAMENTO_RECETA(MARCA,NOMBRE,PRECIO,ESPECIALIDAD,ID_RECETA,MEDICO,FIRMA)VALUES('Ultram','Tramadol',140.00,'No',4);
INSERT INTO MEDICAMENTO_RECETA(MARCA,NOMBRE,PRECIO,ESPECIALIDAD,ID_RECETA,MEDICO,FIRMA)VALUES('ADVIL','Ibuprofeno',35.00,'No',5);
INSERT INTO MEDICAMENTO_RECETA(MARCA,NOMBRE,PRECIO,ESPECIALIDAD,ID_RECETA,MEDICO,FIRMA)VALUES('AMOXIL','Amoxilina',126.50,'No',6);
INSERT INTO MEDICAMENTO_RECETA(MARCA,NOMBRE,PRECIO,ESPECIALIDAD,ID_RECETA,MEDICO,FIRMA)VALUES('ADVIL','Ibuprofeno',35.00,'No',7);
INSERT INTO MEDICAMENTO_RECETA(MARCA,NOMBRE,PRECIO,ESPECIALIDAD,ID_RECETA,MEDICO,FIRMA)VALUES('Ultram','Tramadol',140.00,'No',8);
INSERT INTO MEDICAMENTO_RECETA(MARCA,NOMBRE,PRECIO,ESPECIALIDAD,ID_RECETA,MEDICO,FIRMA)VALUES('ADVIL','Ibuprofeno',35.00,'No',9);
INSERT INTO MEDICAMENTO_RECETA(MARCA,NOMBRE,PRECIO,ESPECIALIDAD,ID_RECETA,MEDICO,FIRMA)VALUES('ADVIL','Ibuprofeno',35.00,'No',10);
INSERT INTO MEDICAMENTO_RECETA(MARCA,NOMBRE,PRECIO,ESPECIALIDAD,ID_RECETA,MEDICO,FIRMA)VALUES('Bayer','Aspirina',26.00,'No',11);
INSERT INTO MEDICAMENTO_RECETA(MARCA,NOMBRE,PRECIO,ESPECIALIDAD,ID_RECETA,MEDICO,FIRMA)VALUES('Aquasol A','Vitamina A',50.00,'No',12);
INSERT INTO MEDICAMENTO_RECETA(MARCA,NOMBRE,PRECIO,ESPECIALIDAD,ID_RECETA,MEDICO,FIRMA)VALUES('AMOXIL','Amoxilina',126.50,'No',13);
INSERT INTO MEDICAMENTO_RECETA(MARCA,NOMBRE,PRECIO,ESPECIALIDAD,ID_RECETA,MEDICO,FIRMA)VALUES('Aquasol A','Vitamina A',50.00,'No',14);
INSERT INTO MEDICAMENTO_RECETA(MARCA,NOMBRE,PRECIO,ESPECIALIDAD,ID_RECETA,MEDICO,FIRMA)VALUES('Voltaren','Diclofenaco',29.00,'No',15);
INSERT INTO MEDICAMENTO_RECETA(MARCA,NOMBRE,PRECIO,ESPECIALIDAD,ID_RECETA,MEDICO,FIRMA)VALUES('Aquasol A','Vitamina A',50.00,'No',16);
INSERT INTO MEDICAMENTO_RECETA(MARCA,NOMBRE,PRECIO,ESPECIALIDAD,ID_RECETA,MEDICO,FIRMA)VALUES('Aquasol A','Vitamina A',50.00,'No',17);
INSERT INTO MEDICAMENTO_RECETA(MARCA,NOMBRE,PRECIO,ESPECIALIDAD,ID_RECETA,MEDICO,FIRMA)VALUES('Bayer','Aspirina',26.00,'No',18);
INSERT INTO MEDICAMENTO_RECETA(MARCA,NOMBRE,PRECIO,ESPECIALIDAD,ID_RECETA,MEDICO,FIRMA)VALUES('Aquasol A','Vitamina A',50.00,'No',19);
INSERT INTO MEDICAMENTO_RECETA(MARCA,NOMBRE,PRECIO,ESPECIALIDAD,ID_RECETA,MEDICO,FIRMA)VALUES('Voltaren','Diclofenaco',29.00,'No',20;
INSERT INTO MEDICAMENTO_RECETA(MARCA,NOMBRE,PRECIO,ESPECIALIDAD,ID_RECETA,MEDICO,FIRMA)VALUES('Aquasol A','Vitamina A',50.00,'No',21);
INSERT INTO MEDICAMENTO_RECETA(MARCA,NOMBRE,PRECIO,ESPECIALIDAD,ID_RECETA,MEDICO,FIRMA)VALUES('Aquasol A','Vitamina A',50.00,'No',22);


INSERT INTO REPARTIDOR_INFO_PERSONAL(NO_SEGURO_SOCIAL,RFC,LICENSIA,VEHICULO,NOMBRE,APELLIDO_PATERNO,APELLIDO_MATERNO)VALUES('22-11-32-1409-7','BALV641005DL4','','Bicicleta','VICTOR MANUEL','BADILLO','LOPEZ');
INSERT INTO REPARTIDOR_INFO_PERSONAL(NO_SEGURO_SOCIAL,RFC,LICENSIA,VEHICULO,NOMBRE,APELLIDO_PATERNO,APELLIDO_MATERNO)VALUES('10-89-34-1167-9','CAVL840115CW3','UTS-345','Motocicleta','LEONARDO ANTONIO','CARMONA','VELAZQUEZ');
INSERT INTO REPARTIDOR_INFO_PERSONAL(NO_SEGURO_SOCIAL,RFC,LICENSIA,VEHICULO,NOMBRE,APELLIDO_PATERNO,APELLIDO_MATERNO)VALUES('11-24-67-1349-0','RAVC900725EQ5','','Bicicleta','CARLOS ALBERTO','RAMIREZ','VELAZQUEZ');
INSERT INTO REPARTIDOR_INFO_PERSONAL(NO_SEGURO_SOCIAL,RFC,LICENSIA,VEHICULO,NOMBRE,APELLIDO_PATERNO,APELLIDO_MATERNO)VALUES('12-09-90-3209-1','HEBA881026CX0','TFH-902','Motocicleta','ALEJANDRO','HERNANDEZ','BERMEJO');
INSERT INTO REPARTIDOR_INFO_PERSONAL(NO_SEGURO_SOCIAL,RFC,LICENSIA,VEHICULO,NOMBRE,APELLIDO_PATERNO,APELLIDO_MATERNO)VALUES('43-90-21-1099-2','BADJ020930EZ8','FGQ-457','Motocicleta','JESUS IGNACIO','BAHENA','DEHESA');

INSERT INTO REPARTIDOR_INFO_CONTACTO(RFC,NOMBRE,APELLIDO_MATERNO,APELLIDO_PATERNO,DIRECCION,CORREO_ELECTRONICO,TELEFONO)VALUES('BALV641005DL4','VICTOR MANUEL','LOPEZ','BADILLO','Direccion26','Correo26@correo.com','(55) 8640-3420');
INSERT INTO REPARTIDOR_INFO_CONTACTO(RFC,NOMBRE,APELLIDO_MATERNO,APELLIDO_PATERNO,DIRECCION,CORREO_ELECTRONICO,TELEFONO)VALUES('CAVL840115CW3','LEONARDO ANTONIO','VELAZQUEZ','CARMONA','Direccion27','Correo27@correo.com','(55) 2808-0365');
INSERT INTO REPARTIDOR_INFO_CONTACTO(RFC,NOMBRE,APELLIDO_MATERNO,APELLIDO_PATERNO,DIRECCION,CORREO_ELECTRONICO,TELEFONO)VALUES('RAVC900725EQ5','CARLOS ALBERTO','VELAZQUEZ','RAMIREZ','Direccion28','Correo28@correo.com','(55) 8636-4191');
INSERT INTO REPARTIDOR_INFO_CONTACTO(RFC,NOMBRE,APELLIDO_MATERNO,APELLIDO_PATERNO,DIRECCION,CORREO_ELECTRONICO,TELEFONO)VALUES('HEBA881026CX0','ALEJANDRO','BERMEJO','HERNANDEZ','Direccion29','Correo29@correo.com','(55) 1404-1507');
INSERT INTO REPARTIDOR_INFO_CONTACTO(RFC,NOMBRE,APELLIDO_MATERNO,APELLIDO_PATERNO,DIRECCION,CORREO_ELECTRONICO,TELEFONO)VALUES('BADJ020930EZ8','JESUS IGNACIO','DEHESA','BAHENA','Direccion30','Correo30@correo.com','(55) 5839-7918');

INSERT INTO REPARTIDOR_INFO_SUCURSAL(NO_SEGURO_SOCIAL,SUCURSAL)VALUES('22-11-32-1409-7',1);
INSERT INTO REPARTIDOR_INFO_SUCURSAL(NO_SEGURO_SOCIAL,SUCURSAL)VALUES('10-89-34-1167-9',2);
INSERT INTO REPARTIDOR_INFO_SUCURSAL(NO_SEGURO_SOCIAL,SUCURSAL)VALUES('11-24-67-1349-0',3);
INSERT INTO REPARTIDOR_INFO_SUCURSAL(NO_SEGURO_SOCIAL,SUCURSAL)VALUES('12-09-90-3209-1',4);
INSERT INTO REPARTIDOR_INFO_SUCURSAL(NO_SEGURO_SOCIAL,SUCURSAL)VALUES('43-90-21-1099-2',5);

INSERT INTO PRODUCTO(Producto)VALUES('Amoxilina');1
INSERT INTO PRODUCTO(Producto)VALUES('Aspirina');2
INSERT INTO PRODUCTO(Producto)VALUES('Benznidazol');3
INSERT INTO PRODUCTO(Producto)VALUES('Diclofenaco');4
INSERT INTO PRODUCTO(Producto)VALUES('Naproxeno');5
INSERT INTO PRODUCTO(Producto)VALUES('Tramadol');6
INSERT INTO PRODUCTO(Producto)VALUES('Ibuprofeno');7
INSERT INTO PRODUCTO(Producto)VALUES('Vitamina A');8

INSERT INTO COMPRA_PRODUCTO(ID_COMPRA,ID_PRODUCTO)VALUES(1,1);
INSERT INTO COMPRA_PRODUCTO(ID_COMPRA,ID_PRODUCTO)VALUES(2,2);
INSERT INTO COMPRA_PRODUCTO(ID_COMPRA,ID_PRODUCTO)VALUES(3,4);
INSERT INTO COMPRA_PRODUCTO(ID_COMPRA,ID_PRODUCTO)VALUES(4,6);
INSERT INTO COMPRA_PRODUCTO(ID_COMPRA,ID_PRODUCTO)VALUES(5,7);
INSERT INTO COMPRA_PRODUCTO(ID_COMPRA,ID_PRODUCTO)VALUES(6,1);
INSERT INTO COMPRA_PRODUCTO(ID_COMPRA,ID_PRODUCTO)VALUES(7,7);
INSERT INTO COMPRA_PRODUCTO(ID_COMPRA,ID_PRODUCTO)VALUES(8,6);
INSERT INTO COMPRA_PRODUCTO(ID_COMPRA,ID_PRODUCTO)VALUES(9,7);
INSERT INTO COMPRA_PRODUCTO(ID_COMPRA,ID_PRODUCTO)VALUES(10,7);
INSERT INTO COMPRA_PRODUCTO(ID_COMPRA,ID_PRODUCTO)VALUES(11,2);
INSERT INTO COMPRA_PRODUCTO(ID_COMPRA,ID_PRODUCTO)VALUES(12,8);
INSERT INTO COMPRA_PRODUCTO(ID_COMPRA,ID_PRODUCTO)VALUES(13,1);
INSERT INTO COMPRA_PRODUCTO(ID_COMPRA,ID_PRODUCTO)VALUES(14,8);
INSERT INTO COMPRA_PRODUCTO(ID_COMPRA,ID_PRODUCTO)VALUES(15,4);
INSERT INTO COMPRA_PRODUCTO(ID_COMPRA,ID_PRODUCTO)VALUES(16,8);
INSERT INTO COMPRA_PRODUCTO(ID_COMPRA,ID_PRODUCTO)VALUES(17,8);
INSERT INTO COMPRA_PRODUCTO(ID_COMPRA,ID_PRODUCTO)VALUES(18,2);
INSERT INTO COMPRA_PRODUCTO(ID_COMPRA,ID_PRODUCTO)VALUES(19,8);
INSERT INTO COMPRA_PRODUCTO(ID_COMPRA,ID_PRODUCTO)VALUES(20,4);
INSERT INTO COMPRA_PRODUCTO(ID_COMPRA,ID_PRODUCTO)VALUES(21,8);
INSERT INTO COMPRA_PRODUCTO(ID_COMPRA,ID_PRODUCTO)VALUES(22,8);
INSERT INTO COMPRA_PRODUCTO(ID_COMPRA,ID_PRODUCTO)VALUES(23,6);
INSERT INTO COMPRA_PRODUCTO(ID_COMPRA,ID_PRODUCTO)VALUES(24,8);
INSERT INTO COMPRA_PRODUCTO(ID_COMPRA,ID_PRODUCTO)VALUES(25,1);
INSERT INTO COMPRA_PRODUCTO(ID_COMPRA,ID_PRODUCTO)VALUES(26,8);
INSERT INTO COMPRA_PRODUCTO(ID_COMPRA,ID_PRODUCTO)VALUES(27,4);
INSERT INTO COMPRA_PRODUCTO(ID_COMPRA,ID_PRODUCTO)VALUES(28,8);
INSERT INTO COMPRA_PRODUCTO(ID_COMPRA,ID_PRODUCTO)VALUES(29,7);
INSERT INTO COMPRA_PRODUCTO(ID_COMPRA,ID_PRODUCTO)VALUES(30,8);
INSERT INTO COMPRA_PRODUCTO(ID_COMPRA,ID_PRODUCTO)VALUES(31,8);
INSERT INTO COMPRA_PRODUCTO(ID_COMPRA,ID_PRODUCTO)VALUES(32,2);
INSERT INTO COMPRA_PRODUCTO(ID_COMPRA,ID_PRODUCTO)VALUES(33,7);
INSERT INTO COMPRA_PRODUCTO(ID_COMPRA,ID_PRODUCTO)VALUES(34,8);
INSERT INTO COMPRA_PRODUCTO(ID_COMPRA,ID_PRODUCTO)VALUES(35,7);
INSERT INTO COMPRA_PRODUCTO(ID_COMPRA,ID_PRODUCTO)VALUES(36,1);
INSERT INTO COMPRA_PRODUCTO(ID_COMPRA,ID_PRODUCTO)VALUES(37,6);
INSERT INTO COMPRA_PRODUCTO(ID_COMPRA,ID_PRODUCTO)VALUES(38,8);
INSERT INTO COMPRA_PRODUCTO(ID_COMPRA,ID_PRODUCTO)VALUES(39,8);
INSERT INTO COMPRA_PRODUCTO(ID_COMPRA,ID_PRODUCTO)VALUES(40,2);
INSERT INTO COMPRA_PRODUCTO(ID_COMPRA,ID_PRODUCTO)VALUES(41,4);
INSERT INTO COMPRA_PRODUCTO(ID_COMPRA,ID_PRODUCTO)VALUES(42,8);
INSERT INTO COMPRA_PRODUCTO(ID_COMPRA,ID_PRODUCTO)VALUES(43,6);
INSERT INTO COMPRA_PRODUCTO(ID_COMPRA,ID_PRODUCTO)VALUES(44,8);
INSERT INTO COMPRA_PRODUCTO(ID_COMPRA,ID_PRODUCTO)VALUES(45,7);
INSERT INTO COMPRA_PRODUCTO(ID_COMPRA,ID_PRODUCTO)VALUES(46,1);
INSERT INTO COMPRA_PRODUCTO(ID_COMPRA,ID_PRODUCTO)VALUES(47,8);
INSERT INTO COMPRA_PRODUCTO(ID_COMPRA,ID_PRODUCTO)VALUES(48,4);
INSERT INTO COMPRA_PRODUCTO(ID_COMPRA,ID_PRODUCTO)VALUES(49,6);
INSERT INTO COMPRA_PRODUCTO(ID_COMPRA,ID_PRODUCTO)VALUES(50,2);
